gene	transcript	mutation	count	label
RPL22	ENST00000234875	chr1_6197724_CT_C	139	p.Lys15ArgfsTer5
SEC31A	ENST00000395310	chr4_82864411_AT_A	103	p.Ile462LeufsTer16
LTN1	ENST00000614971	chr21_28966883_AT_A	86	p.Asn582MetfsTer33
OR7E24	ENST00000456448	chr19_9251064_CT_C	85	p.Phe11SerfsTer89
SETD1B	ENST00000604567	chr12_121804751_AC_A	84	p.His8ThrfsTer27
TAF1B	ENST00000263663	chr2_9849441_TA_T	83	p.Asn66ThrfsTer26
DOCK3	ENST00000266037	chr3_51380172_AC_A	76	p.Pro1852GlnfsTer45
COBLL1	ENST00000629362	chr2_164694785_CA_C	74	p.Leu974CysfsTer12
SMAP1	ENST00000370455	chr6_70798666_GA_G	72	p.Lys172ArgfsTer48
CCDC168	ENST00000322527	chr13_102729645_CA_C	71	p.Phe7017LeufsTer25
INPPL1	ENST00000298229	chr11_72237703_GC_G	68	p.Arg1156GlyfsTer46
RNF43	ENST00000584437	chr17_58357799_AC_A	67	p.Gly659ValfsTer41
CCDC178	ENST00000583930	chr18_33333178_AT_A	66	p.Met292TrpfsTer3
NDUFC2	ENST00000281031	chr11_78073100_CA_C	66	p.Phe69LeufsTer7
JAK1	ENST00000672434	chr1_64841313_GT_G	65	p.Lys860AsnfsTer16
UPF3A	ENST00000375299	chr13_114291735_CA_C	64	p.Glu267ArgfsTer13
PDS5B	ENST00000315596	chr13_32770749_CA_C	63	p.Asn1390MetfsTer4
ACVR2A	ENST00000241416	chr2_147926116_TA_T	62	p.Lys437ArgfsTer5
MARCKS	ENST00000612661	chr6_113860033_GA_G	62	p.Lys155ArgfsTer12
MIS18BP1	ENST00000310806	chr14_45246815_AT_A	61	p.Lys157AsnfsTer24
SLC35F5	ENST00000245680	chr2_113742699_CA_C	60	p.Cys248AlafsTer22
KMT2C	ENST00000262189	chr7_152177062_CT_C	58	p.Lys2797ArgfsTer26
DDX27	ENST00000622530	chr20_49241966_CA_C	57	p.Lys691ArgfsTer4
ESRP1	ENST00000433389	chr8_94674382_TA_T	57	p.Asn512ThrfsTer2
FAM111B	ENST00000343597	chr11_59124903_CA_C	56	p.Ala273HisfsTer26
NBEAL1	ENST00000449802	chr2_203057334_CA_C	56	p.Glu136ArgfsTer14
RBM27	ENST00000265271	chr5_146267756_TA_T	56	p.Lys816AsnfsTer5
TTK	ENST00000369798	chr6_80042179_GA_G	56	p.Arg854GlyfsTer39
TFAM	ENST00000487519	chr10_58388809_CA_C	55	p.Glu148SerfsTer2
WDTC1	ENST00000319394	chr1_27294616_TG_T	55	p.Glu290AsnfsTer8
PHF2	ENST00000359246	chr9_93660329_CA_C	51	p.Lys492ArgfsTer6
TEAD2	ENST00000598810	chr19_49347215_TG_T	51	p.His299MetfsTer12
LMAN1	ENST00000251047	chr18_59345961_CT_C	48	p.Glu305ArgfsTer22
PHACTR4	ENST00000373836	chr1_28459218_GA_G	48	p.Ser64ValfsTer12
WDR55	ENST00000358337	chr5_140669516_CA_C	48	p.Lys341ArgfsTer8
ADD3	ENST00000356080	chr10_110133591_CA_C	47	p.Lys701ArgfsTer8
CLOCK	ENST00000513440	chr4_55470786_TA_T	47	p.Leu123Ter
MSH3	ENST00000265081	chr5_80675095_CA_C	44	p.Lys383ArgfsTer32
TBC1D23	ENST00000394144	chr3_100320891_CA_C	44	p.Lys649AsnfsTer18
ENO4	ENST00000341276	chr10_116859116_CA_C	43	p.Lys207ArgfsTer32
ARV1	ENST00000310256	chr1_230995820_CA_C	41	p.Lys173SerfsTer8
CD3G	ENST00000532917	chr11_118349867_TA_T	41	p.Lys71AsnfsTer40
CTCF	ENST00000646076	chr16_67611435_C_CA	41	p.Thr204AsnfsTer26
MFSD4B	ENST00000671876	chr6_111266157_AT_A	41	p.Cys202ValfsTer4
SLC9A8	ENST00000417961	chr20_49850763_GT_G	41	p.Phe182LeufsTer16
BAX	ENST00000293288	chr19_48955713_TG_T	39	p.Glu41ArgfsTer19
PRKDC	ENST00000314191	chr8_47954349_AT_A	39	p.Ile166TyrfsTer6
SRPRA	ENST00000332118	chr11_126267191_CT_C	39	p.Lys170ArgfsTer33
AP1S1	ENST00000337619	chr7_101159123_TG_T	38	p.Asp122MetfsTer11
SMC6	ENST00000448223	chr2_17716858_AT_A	38	p.Ile410TyrfsTer4
TMEM60	ENST00000257663	chr7_77794142_CT_C	38	p.Ala78ProfsTer11
ABCC5	ENST00000334444	chr3_183947468_CA_C	37	p.Leu1090CysfsTer26
PRRG1	ENST00000542554	chrX_37453357_AC_A	37	p.Pro134HisfsTer19
MIS18BP1	ENST00000310806	chr14_45224518_CT_C	35	p.Ser690ValfsTer10
SEC63	ENST00000369002	chr6_107893550_GT_G	35	p.Lys535AsnfsTer28
SLAMF1	ENST00000538290	chr1_160619810_CT_C	35	p.Ala305ProfsTer18
SLC35G2	ENST00000446465	chr3_136854643_GA_G	35	p.Arg66GlufsTer18
TGFBR2	ENST00000359013	chr3_30650379_GA_G	35	p.Lys153SerfsTer35
OR52N5	ENST00000641181	chr11_5778421_CA_C	34	p.Phe71LeufsTer59
SLC3A2	ENST00000377891	chr11_62882056_TA_T	34	p.Lys301ArgfsTer31
TRIM51	ENST00000449290	chr11_55886133_TA_T	34	p.Met144CysfsTer15
USP35	ENST00000529308	chr11_78209809_AC_A	34	p.Thr655ProfsTer23
ZBTB20	ENST00000675478	chr3_114339155_AG_A	34	p.Pro692LeufsTer43
CCDC18	ENST00000343253	chr1_93201958_TA_T	33	p.Val259TrpfsTer15
JPH4	ENST00000397118	chr14_23571226_GC_G	33	p.Ala502GlnfsTer8
MEDAG	ENST00000380482	chr13_30906714_CG_C	33	p.Gly69AlafsTer29
RGS12	ENST00000344733	chr4_3428671_GA_G	33	p.Lys1178AsnfsTer32
SREK1IP1	ENST00000513458	chr5_64728113_CT_C	33	p.Arg91GlyfsTer67
TNKS2	ENST00000371627	chr10_91842188_CA_C	33	p.Asn622ThrfsTer29
XPOT	ENST00000332707	chr12_64418974_GT_G	33	p.Phe126LeufsTer6
ABCF1	ENST00000326195	chr6_30578076_CA_C	32	p.Lys76SerfsTer60
DNA2	ENST00000358410	chr10_68422763_GA_G	32	p.Ser779HisfsTer6
HDAC2	ENST00000519065	chr6_113970875_CT_C	32	p.Val12SerfsTer20
LARP7	ENST00000509061	chr4_112657326_GA_G	32	c.*9del
ZNF609	ENST00000326648	chr15_64675047_CA_C	32	p.Lys734ArgfsTer12
BRD3	ENST00000303407	chr9_134053406_CG_C	31	p.Pro24ArgfsTer24
CHD3	ENST00000380358	chr17_7895446_AC_A	31	p.Arg599ValfsTer16
MIDEAS	ENST00000286523	chr14_73739069_TG_T	31	p.Asn314ThrfsTer4
NIPBL	ENST00000282516	chr5_36984980_TA_T	31	p.Lys603SerfsTer11
XYLT2	ENST00000017003	chr17_50356605_AC_A	31	p.Gly529AlafsTer78
PCDH19	ENST00000373034	chrX_100407506_CG_C	30	p.Pro364ArgfsTer4
QKI	ENST00000361752	chr6_163478887_TA_T	30	p.Lys134ArgfsTer14
RAD50	ENST00000378823	chr5_132595759_TA_T	30	p.Lys722ArgfsTer14
TNRC6C	ENST00000335749	chr17_78050898_GA_G	30	p.Asn615MetfsTer45
TTC3	ENST00000399017	chr21_37151942_CA_C	30	p.Glu779LysfsTer5
ARID1A	ENST00000324856	chr1_26779439_TG_T	29	p.Asp1850ThrfsTer33
ASH1L	ENST00000392403	chr1_155338208_GT_G	29	p.Thr2895GlnfsTer44
GSE1	ENST00000253458	chr16_85648683_AC_A	29	p.Val123TrpfsTer2
MBD4	ENST00000249910	chr3_129436704_CT_C	29	p.Glu314LysfsTer4
CHRM3	ENST00000676153	chr1_239909143_CA_C	28	p.Lys567ArgfsTer31
DYNC1I2	ENST00000397119	chr2_171692828_GA_G	28	p.Arg57GlyfsTer13
RBBP8	ENST00000399722	chr18_22992889_GA_G	28	p.Lys357AsnfsTer3
TVP23A	ENST00000299866	chr16_10773345_TA_T	28	p.Phe140LeufsTer7
ZNF106	ENST00000263805	chr15_42450758_GA_G	28	p.Ser482ProfsTer33
AASDH	ENST00000205214	chr4_56354102_CA_C	27	p.Leu440TrpfsTer43
BCORL1	ENST00000540052	chrX_130056035_TC_T	27	p.Pro1681GlnfsTer20
HPS1	ENST00000325103	chr10_98427229_TG_T	27	p.Met325TrpfsTer6
MNS1	ENST00000260453	chr15_56444524_CT_C	27	p.Lys202SerfsTer9
PARP14	ENST00000474629	chr3_122714384_GA_G	27	p.Asn1322IlefsTer26
PRDM2	ENST00000235372	chr1_13782253_CA_C	27	p.Val1490PhefsTer74
REPIN1	ENST00000489432	chr7_150372349_GC_G	27	p.Ser430ProfsTer?
ROM1	ENST00000278833	chr11_62613611_TG_T	27	p.Leu114SerfsTer8
SYCP2	ENST00000357552	chr20_59891991_AT_A	27	p.Met788Ter
TTLL10	ENST00000379290	chr1_1180842_CG_C	27	p.Val249SerfsTer31
ZNF107	ENST00000620827	chr7_64691906_CA_C	27	p.Glu61SerfsTer5
GRB14	ENST00000263915	chr2_164508777_GT_G	26	p.Lys297AsnfsTer23
MCHR2	ENST00000281806	chr6_99934481_GA_G	26	p.Phe208SerfsTer5
MXRA8	ENST00000445648	chr1_1354729_CG_C	26	p.Arg301GlyfsTer107
RFC3	ENST00000380071	chr13_33823925_TA_T	26	p.Ile82LeufsTer25
SGO1	ENST00000263753	chr3_20174557_AT_A	26	p.Met325CysfsTer28
SLC16A4	ENST00000369779	chr1_110363804_CA_C	26	p.Phe475LeufsTer12
SPINK5	ENST00000359874	chr5_148120311_GA_G	26	p.Lys823ArgfsTer119
TMEM97	ENST00000226230	chr17_28326780_GA_G	26	p.Lys176AsnfsTer188
DAZAP1	ENST00000233078	chr19_1434830_CG_C	25	p.Gly383AlafsTer46
RYR2	ENST00000366574	chr1_237806193_CT_C	25	p.Phe4739LeufsTer15
TCERG1	ENST00000296702	chr5_146507159_CA_C	25	p.Lys957ArgfsTer17
THAP5	ENST00000415914	chr7_108565081_AT_A	25	p.Lys99AsnfsTer25
TRMT10C	ENST00000309922	chr3_101565164_CA_C	25	p.Lys131AsnfsTer3
UVRAG	ENST00000356136	chr11_75983386_GA_G	25	p.Ser237ValfsTer6
ZFR	ENST00000265069	chr5_32404055_CT_C	25	p.Glu359LysfsTer4
ASXL1	ENST00000375687	chr20_32434638_AG_A	24	p.Gly645ValfsTer58
CCDC43	ENST00000315286	chr17_44678884_CT_C	24	p.Arg216GlyfsTer20
CDC7	ENST00000428239	chr1_91501799_TA_T	24	p.Asn31ThrfsTer51
EBPL	ENST00000242827	chr13_49661072_TA_T	24	p.Phe172LeufsTer7
GLYR1	ENST00000321919	chr16_4812227_GC_G	24	p.Arg381AlafsTer20
HMMR	ENST00000393915	chr5_163490419_TA_T	24	p.Lys667AsnfsTer11
MYO1A	ENST00000442789	chr12_57028788_CT_C	24	p.Lys1033ArgfsTer8
POLD3	ENST00000263681	chr11_74625563_GA_G	24	p.Arg300GlyfsTer5
SMAD7	ENST00000262158	chr18_48948424_AG_A	24	p.Pro209LeufsTer115
SVIL	ENST00000355867	chr10_29471186_TC_T	24	p.Met1863TrpfsTer44
TRIM59	ENST00000309784	chr3_160438579_CT_C	24	p.Ser202ValfsTer3
ZMYM2	ENST00000610343	chr13_20064536_TA_T	24	p.Lys1044ArgfsTer33
C6orf89	ENST00000355190	chr6_36899594_AC_A	23	p.Pro60ArgfsTer7
CAMTA2	ENST00000414043	chr17_4972442_AG_A	23	p.Pro889LeufsTer9
GART	ENST00000381831	chr21_33509814_CT_C	23	p.Lys807ArgfsTer7
MBD6	ENST00000355673	chr12_57527948_TG_T	23	p.Gly782GlufsTer13
ATR	ENST00000350721	chr3_142555897_AT_A	22	p.Ile774TyrfsTer5
CCDC73	ENST00000335185	chr11_32614404_AT_A	22	p.Asn638IlefsTer18
CEBPZ	ENST00000234170	chr2_37227764_CT_C	22	p.Asp477MetfsTer11
EPHB2	ENST00000400191	chr1_22913752_GA_G	22	p.Lys1020ArgfsTer63
GDF7	ENST00000272224	chr2_20670746_GC_G	22	p.Arg228AlafsTer41
HNRNPL	ENST00000221419	chr19_38840318_TG_T	22	p.Pro337HisfsTer58
KIF26B	ENST00000407071	chr1_245688479_CG_C	22	p.Ala1835ProfsTer41
LIMCH1	ENST00000503057	chr4_41646490_GGA_G	22	p.Glu810AlafsTer3
SALL4	ENST00000217086	chr20_51784443_AC_A	22	p.Val995PhefsTer14
TOPAZ1	ENST00000309765	chr3_44244390_TA_T	22	p.Ala632LeufsTer5
ZFHX3	ENST00000641206	chr16_72788060_CG_C	22	p.Ala3407LeufsTer78
ZNF365	ENST00000395254	chr10_62399753_TA_T	22	p.Lys399SerfsTer6
ADAMTSL4	ENST00000369039	chr1_150558029_TG_T	21	p.Gly780ValfsTer62
AKAP7	ENST00000431975	chr6_131160135_GA_G	21	p.Lys79ArgfsTer21
ELOA	ENST00000418390	chr1_23751913_TA_T	21	p.Asn465MetfsTer19
FETUB	ENST00000265029	chr3_186644754_CA_C	21	p.Lys146ArgfsTer4
FGFBP1	ENST00000382333	chr4_15936554_CT_C	21	p.Val27Ter
GRIK2	ENST00000421544	chr6_102055556_CA_C	21	p.Asn849ThrfsTer14
INTS6L	ENST00000639893	chrX_135546391_AT_A	21	p.Leu120Ter
KCNMA1	ENST00000286628	chr10_76970027_CT_C	21	p.Lys769SerfsTer17
KCTD16	ENST00000507359	chr5_144473967_CA_C	21	p.Ala384LeufsTer20
MUC19	ENST00000676020	chr12_40412073_CA_C	21	p.Lys154SerfsTer87
PLXNB3	ENST00000538966	chrX_153777235_AG_A	21	p.Val1678CysfsTer7
SERPINB10	ENST00000238508	chr18_63917504_GA_G	21	p.Arg76GlyfsTer7
SPEF2	ENST00000356031	chr5_35705791_CA_C	21	p.Lys886ArgfsTer8
TMEM185B	ENST00000426077	chr2_120221954_AG_A	21	p.Pro341LeufsTer4
ZNF518A	ENST00000624776	chr10_96159098_CA_C	21	p.Thr929LeufsTer2
ATAD2	ENST00000287394	chr8_123372652_CT_C	20	p.Glu119LysfsTer8
CCDC181	ENST00000367806	chr1_169397341_CT_C	20	p.Lys422SerfsTer6
CCDC28A	ENST00000611852	chr6_138776192_CA_C	20	p.Asn117MetfsTer5
DNAH7	ENST00000312428	chr2_195923649_AT_A	20	p.Asn1257IlefsTer11
EIF2B3	ENST00000360403	chr1_44941509_CT_C	20	p.Ala151GlnfsTer57
GRK4	ENST00000398052	chr4_3013742_CA_C	20	p.Arg222GlufsTer2
GUF1	ENST00000281543	chr4_44698597_GA_G	20	p.Lys645SerfsTer2
KIAA2012	ENST00000498697	chr2_202190196_TA_T	20	p.Lys841AsnfsTer2
MINAR1	ENST00000305428	chr15_79458243_TA_T	20	p.Ser702AlafsTer11
NRIP1	ENST00000318948	chr21_14966008_CT_C	20	p.Glu729ArgfsTer5
OR6C75	ENST00000641576	chr12_55365701_AT_A	20	p.Leu200Ter
SAFB2	ENST00000252542	chr19_5587270_CG_C	20	p.Pro945ArgfsTer49
SHC1	ENST00000448116	chr1_154970434_CG_C	20	p.Pro31ArgfsTer35
SLC9A4	ENST00000295269	chr2_102532677_CA_C	20	p.Lys798AsnfsTer46
SYCP1	ENST00000369522	chr1_114994979_GA_G	20	p.Lys967AsnfsTer2
TMEM196	ENST00000405844	chr7_19729393_AT_A	20	p.Lys64AsnfsTer6
ANO10	ENST00000292246	chr3_43605720_CT_C	19	p.Asp45MetfsTer12
BLM	ENST00000355112	chr15_90760908_GA_G	19	p.Asn515MetfsTer16
DNAH12	ENST00000311202	chr3_57523585_CT_C	19	p.Gly93AspfsTer7
ELAVL3	ENST00000359227	chr19_11466789_GC_G	19	p.Gly16AlafsTer35
FHOD3	ENST00000590592	chr18_36625552_AC_A	19	p.Ser336ValfsTer171
KIAA2026	ENST00000399933	chr9_5968043_CT_C	19	p.Ala730GlnfsTer26
MFRP	ENST00000619721	chr11_119342977_TG_T	19	p.His384ThrfsTer94
MSH6	ENST00000234420	chr2_47803500_A_AC	19	p.Phe1088LeufsTer5
MVK	ENST00000228510	chr12_109581434_GC_G	19	p.Ala141ArgfsTer18
NR2C2	ENST00000617312	chr3_15042898_CT_C	19	p.Phe582LeufsTer10
PRR11	ENST00000262293	chr17_59169809_CA_C	19	p.Glu23LysfsTer9
WBP1	ENST00000233615	chr2_74460282_AC_A	19	p.Pro140LeufsTer10
WNK4	ENST00000246914	chr17_42787851_TG_T	19	p.Val608CysfsTer53
ZMYM4	ENST00000314607	chr1_35381358_GA_G	19	p.Lys430AsnfsTer6
C9orf131	ENST00000312292	chr9_35043652_AC_A	18	p.Cys344AlafsTer49
CEP162	ENST00000403245	chr6_84186514_CA_C	18	p.Phe406LeufsTer8
DAZAP1	ENST00000233078	chr19_1430254_GC_G	18	p.Pro257ArgfsTer78
EIF3J	ENST00000261868	chr15_44550900_GA_G	18	p.Glu61ArgfsTer5
GIGYF1	ENST00000275732	chr7_100687546_AG_A	18	p.Leu111TrpfsTer234
ICA1	ENST00000422063	chr7_8158620_GT_G	18	p.Asn204ThrfsTer5
INPPL1	ENST00000298229	chr11_72237164_GC_G	18	p.Pro976HisfsTer155
PAX6	ENST00000640368	chr11_31790768_TG_T	18	p.Pro389HisfsTer7
RBM45	ENST00000286070	chr2_178124192_CA_C	18	p.Ala382LeufsTer7
SNX25	ENST00000504273	chr4_185351540_GA_G	18	p.Asn638IlefsTer51
TRAPPC8	ENST00000283351	chr18_31873454_CA_C	18	p.Phe679LeufsTer18
ULK4	ENST00000301831	chr3_41819492_CT_C	18	p.Lys593ArgfsTer17
ZFHX3	ENST00000641206	chr16_72797003_CCT_C	18	p.Arg1893GlyfsTer35
ADAM28	ENST00000265769	chr8_24309959_G_GA	17	p.Asn75LysfsTer15
AP2A2	ENST00000332231	chr11_1000474_GC_G	17	p.Pro670LeufsTer67
CDS1	ENST00000295887	chr4_84635321_AT_A	17	p.Phe263LeufsTer6
CKAP2	ENST00000378037	chr13_52474898_GA_G	17	p.Lys606ArgfsTer14
DYNC1I2	ENST00000397119	chr2_171690251_GA_G	17	p.Glu36LysfsTer34
FLT3LG	ENST00000594009	chr19_49478908_GC_G	17	p.Ser118AlafsTer24
GOT1L1	ENST00000307599	chr8_37934315_GT_G	17	p.Thr415HisfsTer2
IRX5	ENST00000394636	chr16_54933218_GC_G	17	p.Arg269AlafsTer98
KDM5A	ENST00000399788	chr12_307786_CT_C	17	p.Gly1200AspfsTer9
LARP7	ENST00000509061	chr4_112657326_G_GA	17	c.*9dup
MDN1	ENST00000369393	chr6_89722955_CT_C	17	p.Lys1989ArgfsTer65
NES	ENST00000368223	chr1_156673011_TG_T	17	p.Thr393HisfsTer9
OFD1	ENST00000340096	chrX_13746826_CA_C	17	p.Lys237SerfsTer6
PLEKHA6	ENST00000272203	chr1_204259282_AC_A	17	p.Val328TyrfsTer172
PROM1	ENST00000447510	chr4_15994056_AT_A	17	p.Asn566IlefsTer29
RBM43	ENST00000331426	chr2_151251573_AT_A	17	p.Ile136SerfsTer4
RGS12	ENST00000344733	chr4_3430703_AC_A	17	p.Gln1292ArgfsTer49
SMARCC2	ENST00000550164	chr12_56165328_AG_A	17	p.Pro1074LeufsTer18
SMTN	ENST00000619644	chr22_31089935_AC_A	17	p.Ser293AlafsTer118
SPAG9	ENST00000262013	chr17_50999679_CT_C	17	p.Arg549GlyfsTer28
SPATA1	ENST00000490879	chr1_84553088_GA_G	17	p.Ile430Ter
STAMBPL1	ENST00000371924	chr10_88922388_TA_T	17	p.Lys405ArgfsTer21
VEPH1	ENST00000362010	chr3_157363437_GT_G	17	p.Asn554ThrfsTer5
ZC3H18	ENST00000452588	chr16_88624732_AC_A	17	p.Arg704GlyfsTer5
ZDBF2	ENST00000649650	chr2_206309703_TA_T	17	p.Lys1728AsnfsTer5
ARID1A	ENST00000324856	chr1_26780312_AC_A	16	p.Phe2141SerfsTer59
ATXN2L	ENST00000395547	chr16_28836028_TG_T	16	p.Gln1002LysfsTer95
CADPS	ENST00000383710	chr3_62874798_GC_G	16	p.Leu78CysfsTer20
CCDC7	ENST00000639629	chr10_32729348_CA_C	16	p.Lys935ArgfsTer30
DAZAP1	ENST00000233078	chr19_1434836_GC_G	16	p.Ala386ProfsTer43
ELAVL3	ENST00000359227	chr19_11466789_G_GC	16	p.Ala18GlyfsTer18
ERVMER34-1	ENST00000443173	chr4_52744621_CA_C	16	p.Leu300CysfsTer33
FGF22	ENST00000215530	chr19_643527_AG_A	16	p.Arg150GlyfsTer75
FLCN	ENST00000285071	chr17_17216394_TG_T	16	p.His429ThrfsTer39
HNRNPL	ENST00000221419	chr19_38840318_T_TG	16	p.Pro338ThrfsTer56
KLHL42	ENST00000381271	chr12_27797835_TG_T	16	p.Cys399ValfsTer44
KMT2B	ENST00000420124	chr19_35732100_TG_T	16	p.Gly1879ValfsTer16
MSH6	ENST00000234420	chr2_47803500_AC_A	16	p.Phe1088SerfsTer2
MYO3A	ENST00000642920	chr10_26173830_CA_C	16	p.Met1192Ter
NFASC	ENST00000339876	chr1_204954904_AC_A	16	p.Pro165ArgfsTer12
OR14C36	ENST00000317861	chr1_248349081_GT_G	16	p.Phe105LeufsTer28
PHF21A	ENST00000418153	chr11_45934055_AG_A	16	p.Pro652LeufsTer104
ROM1	ENST00000278833	chr11_62613611_T_TG	16	p.Leu114AlafsTer18
RTKN2	ENST00000373789	chr10_62198389_AT_A	16	p.Ile450LeufsTer67
SGO2	ENST00000357799	chr2_200572268_TA_T	16	p.Gly644ValfsTer18
SYCP1	ENST00000369522	chr1_114926512_GA_G	16	p.Gly629ValfsTer8
SYCP2	ENST00000357552	chr20_59877463_GT_G	16	p.Asn1024ThrfsTer26
UBR4	ENST00000375254	chr1_19141428_TG_T	16	p.Met2803CysfsTer16
UBR5	ENST00000520539	chr8_102277120_CT_C	16	p.Glu2121LysfsTer28
WASF3	ENST00000335327	chr13_26681249_GC_G	16	p.Pro307ArgfsTer28
ZNF469	ENST00000565624	chr16_88437794_AG_A	16	p.Arg3445GlyfsTer56
ADNP	ENST00000371602	chr20_50891666_CT_C	15	p.Lys1016ArgfsTer11
AGXT	ENST00000307503	chr2_240868890_AC_A	15	p.Lys12ArgfsTer34
ARID1A	ENST00000324856	chr1_26779439_T_TG	15	p.Asp1850GlyfsTer4
ATP2A1	ENST00000357084	chr16_28902318_G_GC	15	p.Arg822ProfsTer39
CFAP206	ENST00000369562	chr6_87434981_CA_C	15	p.Asn477IlefsTer4
DAB2IP	ENST00000259371	chr9_121774357_AC_A	15	p.His997ThrfsTer5
FAHD2A	ENST00000233379	chr2_95412717_AC_A	15	p.Pro281GlnfsTer26
FAHD2B	ENST00000414820	chr2_97083987_TG_T	15	p.Pro281GlnfsTer26
FBXL3	ENST00000355619	chr13_77007547_TA_T	15	p.Leu295TyrfsTer25
GINS1	ENST00000262460	chr20_25441760_TA_T	15	p.Asn172IlefsTer14
IGF2R	ENST00000356956	chr6_160064455_C_CG	15	p.Asp1317GlyfsTer5
KCNA4	ENST00000328224	chr11_30012015_CA_C	15	p.Phe221LeufsTer21
LHX1	ENST00000614239	chr17_36943097_AC_A	15	p.Glu399LysfsTer2
LIMCH1	ENST00000503057	chr4_41626983_CA_C	15	p.Arg337GlufsTer3
MED25	ENST00000312865	chr19_49829855_GC_G	15	p.Pro201ArgfsTer13
PDS5B	ENST00000315596	chr13_32770441_CA_C	15	p.Lys1318AsnfsTer76
ROCK1	ENST00000399799	chr18_20953717_AT_A	15	p.Lys1307AsnfsTer3
SENP1	ENST00000448372	chr12_48065112_CT_C	15	p.Gly410ValfsTer4
SLC20A1	ENST00000272542	chr2_112659029_CAG_C	15	p.Arg332AlafsTer14
SMTN	ENST00000619644	chr22_31091812_GC_G	15	p.Ser590ValfsTer64
SPANXB1	ENST00000449283	chrX_141003475_TA_T	15	p.Met48Ter
SRRT	ENST00000611405	chr7_100881710_TG_T	15	p.Gly104ValfsTer45
STAU2	ENST00000524300	chr8_73595235_AT_A	15	p.Asn364MetfsTer67
TCERG1	ENST00000296702	chr5_146503941_CGA_C	15	p.Glu892AlafsTer17
TRIO	ENST00000344204	chr5_14487671_AC_A	15	p.Val2351CysfsTer62
VPS13A	ENST00000360280	chr9_77221302_TA_T	15	p.Lys372SerfsTer2
ANKIB1	ENST00000265742	chr7_92307599_CA_C	14	p.Asn146ThrfsTer12
AP3B1	ENST00000255194	chr5_78039082_GT_G	14	p.Lys923AsnfsTer4
B4GALNT4	ENST00000329962	chr11_380920_TG_T	14	p.Gly991ValfsTer71
BRSK1	ENST00000309383	chr19_55303667_A_AC	14	p.Arg379ProfsTer54
CANX	ENST00000247461	chr5_179722918_AT_A	14	p.Phe435LeufsTer12
CASD1	ENST00000297273	chr7_94545686_CA_C	14	p.Ala543GlnfsTer13
CCDC168	ENST00000322527	chr13_102734573_AT_A	14	p.Ile5375Ter
CCDC73	ENST00000335185	chr11_32615973_CT_C	14	p.Glu448LysfsTer5
COL7A1	ENST00000328333	chr3_48575437_CG_C	14	p.Pro2029LeufsTer177
DDX39B	ENST00000458640	chr6_31536668_CA_C	14	p.Phe149LeufsTer13
DLGAP3	ENST00000373347	chr1_34905129_AC_A	14	p.Gly85ValfsTer215
FAM214A	ENST00000546305	chr15_52608871_AT_A	14	p.Asn688MetfsTer5
FAM9A	ENST00000543214	chrX_8796278_GT_G	14	p.Lys159AsnfsTer3
JPH4	ENST00000397118	chr14_23571226_G_GC	14	p.Ala502GlyfsTer12
KNOP1	ENST00000219837	chr16_19714383_AT_A	14	p.Ile218SerfsTer41
LRRIQ3	ENST00000354431	chr1_74109528_GT_G	14	p.Lys244AsnfsTer17
MEX3A	ENST00000532414	chr1_156081798_GC_G	14	p.Gly67AlafsTer60
MUC15	ENST00000529533	chr11_26565879_GT_G	14	p.Lys20AsnfsTer12
NELFE	ENST00000375429	chr6_31958428_CG_C	14	p.Gly7AspfsTer2
OR2J1	ENST00000641659	chr6_29100951_GA_G	14	p.Asn6MetfsTer21
OR51E2	ENST00000396950	chr11_4682244_GA_G	14	p.Phe156SerfsTer6
PRRC2C	ENST00000338920	chr1_171542009_GA_G	14	p.Asn1516MetfsTer4
SLC22A6	ENST00000377871	chr11_62981861_CA_C	14	p.Phe259LeufsTer27
SRFBP1	ENST00000339397	chr5_122020434_C_CA	14	p.Asn236LysfsTer5
TFE3	ENST00000315869	chrX_49030440_TC_T	14	p.Gly482AspfsTer44
TRIM77	ENST00000398290	chr11_89711442_G_GA	14	p.Gln152ThrfsTer31
TTK	ENST00000369798	chr6_80042192_GA_G	14	p.Lys857AsnfsTer36
VCP	ENST00000358901	chr9_35059649_AT_A	14	p.Asn616MetfsTer63
ZC3H18	ENST00000452588	chr16_88624732_A_AC	14	p.Arg704GlnfsTer14
ZDHHC8	ENST00000405930	chr22_20142998_GC_G	14	p.Thr459ArgfsTer177
ZNF644	ENST00000370440	chr1_90940482_CT_C	14	p.Arg291GlufsTer7
ZSWIM8	ENST00000398706	chr10_73800705_TC_T	14	p.Tyr1701ThrfsTer17
ADAMTSL1	ENST00000380548	chr9_18680351_T_TG	13	p.Ile396HisfsTer30
BEGAIN	ENST00000443071	chr14_100538192_TC_T	13	p.Asp520ThrfsTer57
BPTF	ENST00000306378	chr17_67903834_CA_C	13	p.Glu867ArgfsTer16
BRSK1	ENST00000309383	chr19_55303667_AC_A	13	p.Arg379GlyfsTer9
C12orf76	ENST00000615315	chr12_110059170_TA_T	13	p.Leu3TyrfsTer14
CD4	ENST00000011653	chr12_6814876_AG_A	13	p.Lys167ArgfsTer31
CRYBG2	ENST00000475866	chr1_26345479_CT_C	13	p.Lys717ArgfsTer16
CTCF	ENST00000646076	chr16_67611435_CA_C	13	p.Thr204GlnfsTer18
DHX36	ENST00000496811	chr3_154315188_AT_A	13	p.Met154CysfsTer27
EML6	ENST00000356458	chr2_54948939_CA_C	13	p.Lys1357ArgfsTer9
EPHA2	ENST00000358432	chr1_16135703_CG_C	13	p.Pro460ArgfsTer33
ERF	ENST00000222329	chr19_42249215_TC_T	13	p.Gly299GlufsTer12
FRMD4A	ENST00000357447	chr10_13654451_TG_T	13	p.Pro1005GlnfsTer8
GSE1	ENST00000253458	chr16_85648683_A_AC	13	p.Val123ArgfsTer17
HAND2	ENST00000359562	chr4_173529042_AC_A	13	p.Val83CysfsTer16
INO80E	ENST00000563197	chr16_29996343_CA_C	13	p.Lys14AsnfsTer5
IQGAP1	ENST00000268182	chr15_90476692_CA_C	13	p.Asn941IlefsTer8
JAK1	ENST00000672434	chr1_64860149_CG_C	13	p.Pro430ArgfsTer2
KMT2D	ENST00000301067	chr12_49040708_AG_A	13	p.Pro2354LeufsTer30
LRRIQ3	ENST00000354431	chr1_74109528_G_GT	13	p.Gln245ThrfsTer7
MAPRE3	ENST00000233121	chr2_27025648_GC_G	13	p.Cys182AlafsTer31
MUC15	ENST00000529533	chr11_26565879_G_GT	13	p.Pro21ThrfsTer47
NCOR2	ENST00000405201	chr12_124363681_TG_T	13	p.Ile976SerfsTer87
NOS3	ENST00000297494	chr7_151001309_AG_A	13	p.Gly440AlafsTer64
NOVA1	ENST00000539517	chr14_26597335_AG_A	13	p.Pro34LeufsTer19
OLAH	ENST00000378217	chr10_15056973_AT_A	13	p.Phe107LeufsTer5
PLAAT4	ENST00000255688	chr11_63546236_CA_C	13	p.Ala162ArgfsTer56
PPP2R3B	ENST00000390665	chrX_341316_GT_G	13	p.Thr389HisfsTer70
RAD50	ENST00000378823	chr5_132595759_T_TA	13	p.Glu723GlyfsTer5
RTN3	ENST00000377819	chr11_63758183_CA_C	13	p.Lys1030ArgfsTer67
RUFY2	ENST00000388768	chr10_68396825_AT_A	13	p.Met153TrpfsTer8
SHC1	ENST00000448116	chr1_154966413_AC_A	13	p.Val363TrpfsTer2
SPECC1	ENST00000261503	chr17_20204949_TA_T	13	p.Asn303ThrfsTer63
TCF7L2	ENST00000627217	chr10_113165557_GA_G	13	p.Lys468SerfsTer23
TM9SF3	ENST00000371142	chr10_96576717_CT_C	13	p.Ser72ValfsTer31
TP53BP2	ENST00000343537	chr1_223814253_AG_A	13	p.Pro92LeufsTer6
VEGFB	ENST00000309422	chr11_64237190_TA_T	13	p.Lys129ArgfsTer5
VEZT	ENST00000436874	chr12_95257192_AT_A	13	p.Ser74LeufsTer38
VIRMA	ENST00000297591	chr8_94519334_TA_T	13	p.Phe721LeufsTer11
VPS13C	ENST00000644861	chr15_61951850_AT_A	13	p.Ile1477LeufsTer24
WDR87	ENST00000447313	chr19_37885394_CT_C	13	p.Lys2759ArgfsTer57
ZBTB4	ENST00000311403	chr17_7466790_AG_A	13	p.Pro4LeufsTer4
ZNF292	ENST00000369577	chr6_87259765_GA_G	13	p.Ser2049ValfsTer11
ATG9B	ENST00000639579	chr7_151024396_TC_T	12	p.Arg10GlufsTer96
ATP11B	ENST00000323116	chr3_182884885_AT_A	12	p.Tyr884IlefsTer30
BEND5	ENST00000371833	chr1_48736294_CT_C	12	p.Lys351ArgfsTer15
BTBD7	ENST00000334746	chr14_93294846_CT_C	12	p.Lys58ArgfsTer44
C6orf89	ENST00000355190	chr6_36899594_A_AC	12	p.Gln61AlafsTer10
CDK13	ENST00000181839	chr7_39951117_T_TG	12	p.Ala162GlyfsTer108
CEP290	ENST00000552810	chr12_88118527_AT_A	12	p.Ile556PhefsTer17
CNTN6	ENST00000446702	chr3_1329816_TA_T	12	p.Lys418SerfsTer63
COIL	ENST00000240316	chr17_56950654_CT_C	12	p.Lys196ArgfsTer13
FBXL19	ENST00000562319	chr16_30927882_GC_G	12	p.Pro205ArgfsTer26
FSIP2	ENST00000424728	chr2_185795166_CA_C	12	p.Thr2680HisfsTer3
FSIP2	ENST00000424728	chr2_185797375_GA_G	12	p.Lys3416ArgfsTer6
GBP3	ENST00000370481	chr1_89007758_GT_G	12	p.Thr585ProfsTer9
GIPC1	ENST00000393033	chr19_14482827_AG_A	12	p.Pro50LeufsTer48
HECTD4	ENST00000377560	chr12_112185241_GC_G	12	p.Ala3240ArgfsTer26
HOXB3	ENST00000470495	chr17_48552374_TG_T	12	p.Gln34AsnfsTer41
LARGE2	ENST00000401752	chr11_45926821_AC_A	12	p.Arg428GlyfsTer30
MYO16	ENST00000457511	chr13_109009037_CT_C	12	p.Phe864SerfsTer17
NIPA2	ENST00000674289	chr15_22851821_G_GA	12	p.Leu35ProfsTer21
PLOD3	ENST00000223127	chr7_101212645_CG_C	12	p.Arg297GlyfsTer61
PTCH1	ENST00000331920	chr9_95449266_TG_T	12	p.Ser1203AlafsTer52
SHFL	ENST00000253110	chr19_10091547_TC_T	12	p.Pro189ArgfsTer67
SIX5	ENST00000317578	chr19_45768795_TC_T	12	p.Glu17ArgfsTer91
SLC23A2	ENST00000379333	chr20_4869922_TG_T	12	p.Ile412SerfsTer4
TNRC18	ENST00000430969	chr7_5361627_CG_C	12	p.Arg1543AlafsTer13
TPTE	ENST00000618007	chr21_10567752_AT_A	12	p.Phe179LeufsTer25
TRIM77	ENST00000398290	chr11_89711442_GA_G	12	p.Lys151AsnfsTer8
TRIO	ENST00000344204	chr5_14476894_CT_C	12	p.Leu2031Ter
USP9X	ENST00000324545	chrX_41123703_GC_G	12	p.Leu28SerfsTer51
WDR47	ENST00000400794	chr1_109017518_CT_C	12	p.Arg81GlyfsTer7
WDR5	ENST00000358625	chr9_134154475_AC_A	12	p.Val217CysfsTer4
WNK1	ENST00000340908	chr12_861130_GA_G	12	p.Lys583SerfsTer11
ZDBF2	ENST00000649650	chr2_206310144_GA_G	12	p.Lys1875ArgfsTer39
ZMIZ1	ENST00000334512	chr10_79312688_AC_A	12	p.Asp1051ThrfsTer73
ZMYM2	ENST00000610343	chr13_20082953_GA_G	12	p.Asn1250IlefsTer3
AADACL3	ENST00000359318	chr1_12725525_CT_C	11	p.Gln255LysfsTer14
ABCC4	ENST00000645237	chr13_95043761_AT_A	11	p.Ile1219SerfsTer11
ACBD3	ENST00000366812	chr1_226164789_CT_C	11	p.Arg190GlyfsTer43
ADAMTS18	ENST00000282849	chr16_77322413_CA_C	11	p.Phe695LeufsTer7
AGRN	ENST00000379370	chr1_1046480_G_GC	11	p.Gly1002ArgfsTer58
AGXT	ENST00000307503	chr2_240868890_A_AC	11	p.Lys12GlnfsTer156
ANTXR2	ENST00000307333	chr4_79984835_GC_G	11	p.Ala357ProfsTer52
ARFGAP2	ENST00000524782	chr11_47175301_GA_G	11	p.Arg93AlafsTer43
ARHGEF40	ENST00000298694	chr14_21088032_AC_A	11	p.His1487ThrfsTer15
ARID1A	ENST00000324856	chr1_26697224_TG_T	11	p.Gly276GlufsTer87
ATP2A1	ENST00000357084	chr16_28902318_GC_G	11	p.Arg822GlyfsTer49
BNIP1	ENST00000231668	chr5_173151607_AT_A	11	p.Phe76LeufsTer3
C10orf88	ENST00000481909	chr10_122951993_AT_A	11	p.Asn134IlefsTer2
C4orf50	ENST00000531445	chr4_5989141_CCT_C	11	p.Glu968GlyfsTer11
CDHR2	ENST00000510636	chr5_176584638_AG_A	11	p.Gly788ValfsTer4
COG2	ENST00000366669	chr1_230663212_GA_G	11	p.Lys127ArgfsTer5
CPEB2	ENST00000538197	chr4_15066233_CT_C	11	p.Cys989ValfsTer31
CWF19L2	ENST00000282251	chr11_107454501_CT_C	11	p.Lys96ArgfsTer41
DAPK1	ENST00000408954	chr9_87706886_TG_T	11	p.Tyr1275ThrfsTer31
DOCK8	ENST00000432829	chr9_405014_CT_C	11	p.Phe1113LeufsTer2
ERMP1	ENST00000339450	chr9_5801291_GT_G	11	p.Thr651ProfsTer3
FAM214B	ENST00000378561	chr9_35108150_GC_G	11	p.Ala42ArgfsTer25
FIP1L1	ENST00000337488	chr4_53453080_CAG_C	11	p.Arg487GlyfsTer3
GLI1	ENST00000228682	chr12_57466291_TG_T	11	p.Gly274AlafsTer6
IRS1	ENST00000305123	chr2_226796947_GC_G	11	p.His598ThrfsTer38
IRX5	ENST00000394636	chr16_54933218_G_GC	11	p.Arg269ProfsTer187
ISG20L2	ENST00000313146	chr1_156724230_AG_A	11	p.Leu289SerfsTer15
JARID2	ENST00000341776	chr6_15496490_TG_T	11	p.Arg425GlyfsTer36
KANSL1	ENST00000432791	chr17_46171364_AC_A	11	p.Gly260ValfsTer19
LRP2	ENST00000649046	chr2_169140514_TG_T	11	p.Pro4380HisfsTer46
MBD6	ENST00000355673	chr12_57527948_T_TG	11	p.Ala783SerfsTer10
MED8	ENST00000290663	chr1_43384471_AT_A	11	p.Asn295MetfsTer62
MFSD14A	ENST00000370152	chr1_100068565_CT_C	11	p.Leu269TyrfsTer6
MFSD9	ENST00000258436	chr2_102718518_TG_T	11	p.Ser443AlafsTer6
MICAL3	ENST00000441493	chr22_17818165_CG_C	11	p.Arg1499GlyfsTer106
MKI67	ENST00000368654	chr10_128115709_AT_A	11	p.Asn233MetfsTer12
MOCOS	ENST00000261326	chr18_36268683_TA_T	11	c.*6del
NF1	ENST00000358273	chr17_31226459_A_AC	11	p.Ile679AspfsTer21
NUP210L	ENST00000368559	chr1_154095049_CA_C	11	p.Leu691TrpfsTer3
OBSCN	ENST00000570156	chr1_228371748_CG_C	11	p.Ala7950ProfsTer79
PARD3B	ENST00000406610	chr2_205301573_CA_C	11	p.Thr837ArgfsTer13
PCDHB4	ENST00000194152	chr5_141122904_GA_G	11	p.Lys305AsnfsTer12
PIGO	ENST00000378617	chr9_35091695_CG_C	11	p.Arg731ValfsTer17
PLCL2	ENST00000615277	chr3_16885055_CG_C	11	p.Gly8AlafsTer21
PLK2	ENST00000274289	chr5_58457184_CA_C	11	p.Leu335CysfsTer68
PLXNA3	ENST00000369682	chrX_154460224_TG_T	11	p.Ala17ProfsTer12
PSMD1	ENST00000308696	chr2_231066965_GA_G	11	p.Lys124AsnfsTer11
PTX4	ENST00000447419	chr16_1486184_CG_C	11	p.Gly398GlufsTer57
RMDN2	ENST00000234195	chr2_37951639_AT_A	11	p.Phe144LeufsTer13
ROBO2	ENST00000487694	chr3_77607886_TC_T	11	p.Pro1094GlnfsTer95
SBF1	ENST00000380817	chr22_50460326_TG_T	11	p.Ser1077AlafsTer28
SRRT	ENST00000611405	chr7_100881710_T_TG	11	p.Gly105TrpfsTer15
SYCP1	ENST00000369522	chr1_114984799_TA_T	11	p.Lys881ArgfsTer21
TBCA	ENST00000306388	chr5_77693225_GA_G	11	p.Ser96GlnfsTer13
TRDN	ENST00000334268	chr6_123438063_CT_C	11	p.Glu351SerfsTer13
USP26	ENST00000511190	chrX_133026384_CT_C	11	p.Gly613AlafsTer26
USP40	ENST00000450966	chr2_233485590_GT_G	11	p.Lys1159AsnfsTer12
USP9X	ENST00000324545	chrX_41196600_AAG_A	11	p.Arg1368SerfsTer2
WASF3	ENST00000335327	chr13_26681249_G_GC	11	p.Pro308AlafsTer29
WNT16	ENST00000222462	chr7_121331824_TG_T	11	p.Gly167AlafsTer17
ZBTB41	ENST00000367405	chr1_197176572_AT_A	11	p.Ile624TyrfsTer88
ZBTB7C	ENST00000588982	chr18_48040713_TC_T	11	p.Asp132ThrfsTer90
ZCCHC7	ENST00000534928	chr9_37357252_GA_G	11	p.Lys542SerfsTer9
ZFHX3	ENST00000641206	chr16_72957858_TC_T	11	p.Glu763SerfsTer61
ZFP37	ENST00000553380	chr9_113044135_AT_A	11	p.Asn176IlefsTer24
ZNF831	ENST00000637017	chr20_59191164_GC_G	11	p.Thr52LeufsTer4
ABCA12	ENST00000272895	chr2_214978431_AT_A	10	p.Asn1671IlefsTer4
AHI1	ENST00000265602	chr6_135463145_G_GT	10	p.Thr304AsnfsTer6
ARID1A	ENST00000324856	chr1_26773684_AC_A	10	p.Pro1326ArgfsTer155
ATG2B	ENST00000359933	chr14_96317234_AT_A	10	p.Lys1040AsnfsTer2
ATP8B1	ENST00000648908	chr18_57697807_A_AT	10	p.Asn205LysfsTer2
BPIFB4	ENST00000375483	chr20_33083407_AC_A	10	p.Pro73GlnfsTer160
C14orf39	ENST00000321731	chr14_60436846_CA_C	10	p.Ter588GlufsTer16
C6	ENST00000337836	chr5_41181457_TC_T	10	p.Ser277AlafsTer43
CAMSAP2	ENST00000236925	chr1_200857891_TA_T	10	p.Met1437Ter
CARD10	ENST00000403299	chr22_37504241_TG_T	10	p.Ser527ValfsTer31
CCDC160	ENST00000517294	chrX_134244844_CT_C	10	p.Phe17LeufsTer7
CCDC30	ENST00000342022	chr1_42536528_AAG_A	10	p.Lys21AlafsTer7
CELSR1	ENST00000262738	chr22_46535329_GC_G	10	p.Gly614AlafsTer54
CENPC	ENST00000273853	chr4_67519217_CT_C	10	p.Arg206GlyfsTer2
CHPT1	ENST00000229266	chr12_101714559_GT_G	10	p.Phe162SerfsTer23
CRYGA	ENST00000304502	chr2_208160852_AC_A	10	p.Gly159ValfsTer9
CSTF3	ENST00000323959	chr11_33103156_AT_A	10	p.Met205Ter
CYC1	ENST00000318911	chr8_144095972_AC_A	10	p.Ser93AlafsTer161
DENND1C	ENST00000381480	chr19_6477239_AG_A	10	p.Pro164LeufsTer29
DLGAP2	ENST00000637795	chr8_1548840_CG_C	10	p.Arg132AlafsTer15
DPAGT1	ENST00000409993	chr11_119098432_GA_G	10	p.Phe233SerfsTer28
DYRK4	ENST00000540757	chr12_4610195_GA_G	10	p.Arg355AspfsTer12
E2F1	ENST00000343380	chr20_33676742_AG_A	10	p.Leu435TrpfsTer58
EHMT2	ENST00000395728	chr6_31897109_GC_G	10	p.His33ThrfsTer28
FAM193A	ENST00000324666	chr4_2659865_AC_A	10	p.Val231SerfsTer81
FLT3LG	ENST00000594009	chr19_49478908_G_GC	10	p.Ser118GlnfsTer130
FUBP1	ENST00000370768	chr1_77978974_AG_A	10	p.Ser11LeufsTer43
GCC2	ENST00000309863	chr2_108471427_GA_G	10	p.Lys702AsnfsTer3
GDF7	ENST00000272224	chr2_20670746_G_GC	10	p.Arg228ProfsTer258
GLIS2	ENST00000262366	chr16_4337131_TG_T	10	p.Gly397AlafsTer127
GLYR1	ENST00000321919	chr16_4812227_G_GC	10	p.Arg381AlafsTer15
IL6ST	ENST00000381298	chr5_55952040_CT_C	10	p.Val530Ter
INTS1	ENST00000404767	chr7_1487438_CG_C	10	p.Arg843GlyfsTer11
IRS4	ENST00000372129	chrX_108734572_G_GC	10	p.Lys592GlnfsTer12
ISM1	ENST00000262487	chr20_13279827_AC_A	10	p.Arg194GlyfsTer82
KCNB2	ENST00000523207	chr8_72568161_CA_C	10	p.Glu146AsnfsTer3
KCNQ3	ENST00000388996	chr8_132137985_AT_A	10	p.Lys533AsnfsTer6
KIAA1549	ENST00000422774	chr7_138918777_TA_T	10	p.Leu283Ter
LARP4B	ENST00000316157	chr10_844998_GT_G	10	p.Thr163HisfsTer47
LMTK3	ENST00000270238	chr19_48491500_C_CG	10	p.Glu1407ArgfsTer162
LRRC17	ENST00000339431	chr7_102944545_GA_G	10	p.Lys424AsnfsTer12
MAGEL2	ENST00000650528	chr15_23645746_TG_T	10	p.Gln666SerfsTer36
MAP7D3	ENST00000316077	chrX_136232034_TG_T	10	p.Gln308ArgfsTer2
MAZ	ENST00000219782	chr16_29809695_GC_G	10	p.Pro481LeufsTer44
MYO10	ENST00000513610	chr5_16694496_GC_G	10	p.Gly1225AlafsTer22
MYO9A	ENST00000356056	chr15_71898238_TA_T	10	p.Tyr1422IlefsTer8
NBEA	ENST00000400445	chr13_35159525_TA_T	10	p.Asn1121MetfsTer9
NKX6-2	ENST00000368592	chr10_132785714_GC_G	10	p.Leu79CysfsTer109
NOSTRIN	ENST00000444448	chr2_168843052_CA_C	10	p.Asn191ThrfsTer9
NSD2	ENST00000382895	chr4_1978831_GC_G	10	p.Pro1343GlnfsTer49
NUP214	ENST00000359428	chr9_131132605_GA_G	10	p.Val228SerfsTer29
P4HB	ENST00000331483	chr17_81845887_GT_G	10	p.Asn387ThrfsTer118
PCLO	ENST00000333891	chr7_82760738_CT_C	10	p.Lys5063ArgfsTer2
PRSS56	ENST00000617714	chr2_232523817_AC_A	10	p.Gln356ArgfsTer148
PSME4	ENST00000404125	chr2_53866207_GT_G	10	p.Thr1805ProfsTer69
PTEN	ENST00000371953	chr10_87958012_TA_T	10	p.Lys267ArgfsTer9
QSER1	ENST00000399302	chr11_32976348_GA_G	10	p.Asn1697MetfsTer4
RALGAPB	ENST00000262879	chr20_38517589_AC_A	10	p.Pro381HisfsTer11
RTN4RL2	ENST00000335099	chr11_57476516_AC_A	10	p.Pro292ArgfsTer232
RTTN	ENST00000640769	chr18_70030012_CT_C	10	p.Lys1915ArgfsTer9
SASS6	ENST00000287482	chr1_100123245_TA_T	10	p.Leu57TyrfsTer14
SCAF1	ENST00000360565	chr19_49654784_AC_A	10	p.Thr1181ProfsTer28
SCAPER	ENST00000563290	chr15_76665684_CT_C	10	p.Ala872ProfsTer4
SLC9A8	ENST00000417961	chr20_49850763_G_GT	10	p.Val183CysfsTer14
SMARCAD1	ENST00000359052	chr4_94252758_TA_T	10	p.Asn347MetfsTer24
SMTN	ENST00000619644	chr22_31091812_G_GC	10	p.Ser590GlnfsTer2
SPOUT1	ENST00000361256	chr9_128828840_AT_A	10	p.Lys34AsnfsTer7
SRCAP	ENST00000262518	chr16_30725049_G_GC	10	p.Pro1879ThrfsTer21
SRCIN1	ENST00000617146	chr17_38578768_TG_T	10	p.Met16CysfsTer44
ST8SIA6	ENST00000377602	chr10_17321321_CT_C	10	p.Ala252ProfsTer53
TBC1D23	ENST00000394144	chr3_100320891_C_CA	10	p.His650ThrfsTer3
TBX4	ENST00000644296	chr17_61482983_TC_T	10	p.Pro372LeufsTer8
TDRD6	ENST00000316081	chr6_46692677_GA_G	10	p.Met1520Ter
TMA16	ENST00000358572	chr4_163507066_GA_G	10	p.Val16SerfsTer25
TMPO	ENST00000266732	chr12_98527893_CA_C	10	p.Thr99LeufsTer12
TTK	ENST00000369798	chr6_80010912_CA_C	10	p.Lys192SerfsTer18
USP1	ENST00000339950	chr1_62450600_CA_C	10	p.Asn662MetfsTer2
WBP1	ENST00000233615	chr2_74460282_A_AC	10	p.Tyr141LeufsTer14
XKR6	ENST00000416569	chr8_11201065_TC_T	10	p.Asp92ThrfsTer73
ZFP36L2	ENST00000282388	chr2_43225120_GC_G	10	p.Gly228AlafsTer233
ALPK2	ENST00000361673	chr18_58579207_CT_C	9	p.Lys523ArgfsTer15
ARFGAP3	ENST00000263245	chr22_42817773_AT_A	9	p.Asn299MetfsTer22
ARID1A	ENST00000324856	chr1_26762190_TC_T	9	p.Gln766SerfsTer67
ARID4B	ENST00000264183	chr1_235182103_GT_G	9	p.Thr939ArgfsTer2
ASCC3	ENST00000369162	chr6_100848459_CA_C	9	p.Phe163LeufsTer5
ATAD2B	ENST00000238789	chr2_23863455_TA_T	9	p.Phe468LeufsTer9
ATP6V1B1	ENST00000234396	chr2_70964442_AC_A	9	p.Ile386SerfsTer10
ATXN2L	ENST00000395547	chr16_28836034_GC_G	9	p.Gln1002LysfsTer95
AXIN2	ENST00000307078	chr17_65536466_GC_G	9	p.Gly665AlafsTer24
BACE2	ENST00000330333	chr21_41168561_AC_A	9	p.Pro102ArgfsTer25
BDP1	ENST00000358731	chr5_71470405_GT_G	9	p.Leu313Ter
BMPR2	ENST00000374580	chr2_202555406_GA_G	9	p.Asn583ThrfsTer44
C17orf113	ENST00000587304	chr17_42039822_GC_G	9	p.Gly637AlafsTer4
C1QTNF5	ENST00000528368	chr11_119339479_GC_G	9	p.Ala195ProfsTer3
C1R	ENST00000536053	chr12_7089413_AG_A	9	p.Pro230LeufsTer100
CAMSAP2	ENST00000236925	chr1_200853420_CA_C	9	p.Lys1263AsnfsTer19
CDC14A	ENST00000361544	chr1_100424280_AC_A	9	p.Tyr126IlefsTer64
CEP290	ENST00000552810	chr12_88055666_AT_A	9	p.Asn2290IlefsTer11
CFAP100	ENST00000352312	chr3_126423339_TC_T	9	p.Thr369ArgfsTer36
CWC27	ENST00000381070	chr5_64885498_CA_C	9	p.Val335Ter
CYB5R4	ENST00000369681	chr6_83924511_CA_C	9	p.Glu248ArgfsTer12
DHX16	ENST00000376442	chr6_30653270_AT_A	9	p.Ile1033Ter
DLAT	ENST00000280346	chr11_112026252_GA_G	9	p.Glu115ArgfsTer10
DNAH17	ENST00000389840	chr17_78429135_TG_T	9	p.Asn4131ThrfsTer34
EMILIN1	ENST00000380320	chr2_27082758_AC_A	9	p.Pro398GlnfsTer38
ENO4	ENST00000341276	chr10_116881533_CT_C	9	p.Tyr584ThrfsTer31
F8	ENST00000360256	chrX_154929410_AT_A	9	p.Asn1460IlefsTer5
FCHO2	ENST00000430046	chr5_72968501_GA_G	9	p.Asn15IlefsTer11
FCRL3	ENST00000368186	chr1_157697169_CT_C	9	p.Arg272GlyfsTer3
FIGNL2	ENST00000618634	chr12_51821918_AC_A	9	p.Tyr166ThrfsTer66
GLIS3	ENST00000381971	chr9_4118142_CG_C	9	p.Ala446ArgfsTer110
HELZ2	ENST00000467148	chr20_63561897_C_CG	9	p.Arg2206ProfsTer42
HOMEZ	ENST00000357460	chr14_23276100_TA_T	9	p.Leu376TyrfsTer14
IGLON5	ENST00000270642	chr19_51311850_G_GC	9	p.Ala5CysfsTer42
IGLON5	ENST00000270642	chr19_51311850_GC_G	9	p.Pro4LeufsTer57
IQCE	ENST00000476665	chr7_2601440_GA_G	9	p.Lys539ArgfsTer25
ITGA6	ENST00000409080	chr2_172504202_GA_G	9	p.Lys1078AsnfsTer48
JAK1	ENST00000672434	chr1_64860149_C_CG	9	p.Leu431ValfsTer22
KNTC1	ENST00000333479	chr12_122568310_AT_A	9	p.Leu554TyrfsTer3
LARP7	ENST00000509061	chr4_112649597_TA_T	9	p.Thr412GlnfsTer5
LOXL3	ENST00000264094	chr2_74536796_GC_G	9	p.Gly275AlafsTer5
MAZ	ENST00000219782	chr16_29809684_TG_T	9	p.Ala478ProfsTer47
MBD6	ENST00000355673	chr12_57527617_AC_A	9	p.Gln734AsnfsTer18
MORC4	ENST00000355610	chrX_106999968_AT_A	9	p.Met1?
NAPEPLD	ENST00000417955	chr7_103119675_GA_G	9	p.Phe281SerfsTer14
NBN	ENST00000265433	chr8_89955283_CT_C	9	p.Arg466GlyfsTer18
NIPA2	ENST00000674289	chr15_22851821_GA_G	9	p.Lys33ArgfsTer12
NOD2	ENST00000300589	chr16_50711487_AC_A	9	p.Pro528GlnfsTer235
ODAPH	ENST00000435974	chr4_75564469_CA_C	9	p.Ser159AlafsTer?
OSBPL1A	ENST00000319481	chr18_24170366_AT_A	9	p.Asn793MetfsTer15
OSBPL1A	ENST00000319481	chr18_24165132_GT_G	9	p.Lys894AsnfsTer71
PCGF3	ENST00000362003	chr4_735009_AC_A	9	p.Leu65CysfsTer26
PEX1	ENST00000248633	chr7_92517406_AT_A	9	p.Ile370LeufsTer17
PHF3	ENST00000262043	chr6_63706062_CA_C	9	p.Val1137Ter
PIEZO2	ENST00000503781	chr18_10741065_CT_C	9	p.Lys1533SerfsTer34
PIGB	ENST00000164305	chr15_55339304_AT_A	9	p.Phe280LeufsTer12
POTEJ	ENST00000409602	chr2_130656698_GA_G	9	p.Lys649ArgfsTer6
PPL	ENST00000345988	chr16_4894498_TG_T	9	p.Thr455GlnfsTer37
PPP1R26	ENST00000356818	chr9_135487196_AG_A	9	p.Val898SerfsTer56
PPRC1	ENST00000278070	chr10_102141319_G_GC	9	p.Pro941ThrfsTer75
PRR12	ENST00000418929	chr19_49595550_GC_G	9	p.Pro408HisfsTer62
PTPN21	ENST00000556564	chr14_88473768_AT_A	9	p.Ile849LeufsTer9
PTPRS	ENST00000587303	chr19_5222719_CG_C	9	p.Val1025SerfsTer18
RAPGEF6	ENST00000296859	chr5_131479675_CT_C	9	p.Ser640ValfsTer59
RNMT	ENST00000592764	chr18_13746253_CA_C	9	p.Thr394HisfsTer19
RXFP2	ENST00000298386	chr13_31802291_TA_T	9	p.Ser721ValfsTer9
SACS	ENST00000382292	chr13_23338724_AT_A	9	p.Lys1717AsnfsTer8
SCAF4	ENST00000286835	chr21_31701022_TG_T	9	p.Pro250HisfsTer96
SCLT1	ENST00000281142	chr4_128948519_CT_C	9	p.Ala424GlnfsTer6
SCN11A	ENST00000668754	chr3_38907949_CT_C	9	p.Lys491SerfsTer5
SHC1	ENST00000448116	chr1_154966413_A_AC	9	p.Val363GlyfsTer62
SIX3	ENST00000260653	chr2_44942318_GC_G	9	p.Pro74ArgfsTer177
SLC25A24	ENST00000565488	chr1_108157560_AT_A	9	p.Lys190AsnfsTer29
SLC7A10	ENST00000253188	chr19_33212887_TG_T	9	p.Thr158ProfsTer12
SP140	ENST00000392045	chr2_230294309_GA_G	9	p.Lys672ArgfsTer4
SPANXN3	ENST00000370503	chrX_143517320_AT_A	9	p.Asn24MetfsTer12
SPATA1	ENST00000490879	chr1_84532966_TA_T	9	p.Ser220ValfsTer45
SRCAP	ENST00000262518	chr16_30725049_GC_G	9	p.Pro1878HisfsTer89
STX5	ENST00000294179	chr11_62831112_TG_T	9	p.Pro44GlnfsTer2
SULT6B1	ENST00000407963	chr2_37187409_CT_C	9	p.Lys48SerfsTer21
SYCP3	ENST00000392927	chr12_101729122_AT_A	9	p.Ile215LeufsTer2
TAF1B	ENST00000263663	chr2_9849441_TAA_T	9	p.Asn66GlnfsTer3
TAF1L	ENST00000242310	chr9_32633585_CT_C	9	p.Lys665ArgfsTer4
TCF25	ENST00000263346	chr16_89884611_GA_G	9	p.Lys131AsnfsTer17
TSPYL2	ENST00000375442	chrX_53082869_CG_C	9	p.Ser127AlafsTer20
USP13	ENST00000263966	chr3_179754822_GC_G	9	p.Ile633Ter
USP47	ENST00000399455	chr11_11948504_TA_T	9	p.Gly1121GlufsTer22
UTP20	ENST00000261637	chr12_101286378_GT_G	9	p.Leu131Ter
ZBTB7C	ENST00000588982	chr18_48040704_TC_T	9	p.Glu135ArgfsTer87
ZFP36L2	ENST00000282388	chr2_43225483_GC_G	9	p.Gly107AlafsTer80
ZMYM4	ENST00000314607	chr1_35381358_G_GA	9	p.Pro431ThrfsTer9
ZSWIM6	ENST00000252744	chr5_61526387_CA_C	9	p.Glu613SerfsTer7
ABCB4	ENST00000265723	chr7_87444965_GA_G	8	p.Ser339GlnfsTer3
ADAM23	ENST00000264377	chr2_206596136_AC_A	8	p.Lys781ArgfsTer14
AGTR2	ENST00000371906	chrX_116172674_AT_A	8	p.Phe134LeufsTer5
AK9	ENST00000424296	chr6_109529018_CT_C	8	p.Arg1209GlyfsTer39
ANGPT2	ENST00000325203	chr8_6521276_AT_A	8	p.Ile234Ter
ANKRD31	ENST00000274361	chr5_75105124_G_GT	8	p.Gln1422ThrfsTer12
APPL1	ENST00000288266	chr3_57242892_CA_C	8	p.Arg154GlufsTer6
ARHGAP35	ENST00000672722	chr19_46921502_GA_G	8	p.Lys945ArgfsTer3
ARID1A	ENST00000324856	chr1_26697412_TG_T	8	p.Ala339LeufsTer24
ATF5	ENST00000423777	chr19_49930953_GC_G	8	p.Leu37TrpfsTer31
ATP6V1C2	ENST00000272238	chr2_10777692_C_CAG	8	p.Ser316ArgfsTer16
BPIFB4	ENST00000375483	chr20_33083407_A_AC	8	p.Val74SerfsTer9
CARD11	ENST00000396946	chr7_2928688_CG_C	8	p.Arg555GlyfsTer45
CASP8AP2	ENST00000551025	chr6_89866671_GA_G	8	p.Lys1130AsnfsTer6
CBX5	ENST00000209875	chr12_54252047_CT_C	8	p.Lys106ArgfsTer31
CCDC148	ENST00000283233	chr2_158220704_AT_A	8	p.Lys420AsnfsTer15
CCDC15	ENST00000344762	chr11_124975152_TA_T	8	p.Lys194ArgfsTer29
CCKBR	ENST00000525462	chr11_6271220_CT_C	8	p.Leu413CysfsTer35
CCN6	ENST00000368666	chr6_112068230_GA_G	8	p.Lys208AsnfsTer24
CD79A	ENST00000221972	chr19_41879539_GC_G	8	p.Arg131GlyfsTer61
CD93	ENST00000246006	chr20_23085354_TC_T	8	p.Asp280MetfsTer19
CEP76	ENST00000262127	chr18_12699829_CT_C	8	p.Thr99LeufsTer90
CIC	ENST00000575354	chr19_42293223_GC_G	8	p.Pro1248HisfsTer54
CLCA4	ENST00000370563	chr1_86563748_CA_C	8	p.Ile182SerfsTer56
CLPP	ENST00000245816	chr19_6361595_AG_A	8	p.Ala10ProfsTer117
CNTRL	ENST00000373855	chr9_121113706_GA_G	8	p.Ile446Ter
CR2	ENST00000367057	chr1_207468698_TC_T	8	p.Thr209HisfsTer10
CYLC1	ENST00000329312	chrX_83873972_GA_G	8	p.Lys424ArgfsTer69
DAB2IP	ENST00000259371	chr9_121774357_A_AC	8	p.His997ProfsTer4
DLAT	ENST00000280346	chr11_112033458_GA_G	8	p.Val242TrpfsTer5
DLGAP3	ENST00000373347	chr1_34900250_AC_A	8	p.Gly377ValfsTer91
DLGAP3	ENST00000373347	chr1_34905129_A_AC	8	p.Ser86Ter
DNM1	ENST00000372923	chr9_128250832_TG_T	8	p.Ala812ArgfsTer76
DTX2	ENST00000324432	chr7_76482931_CA_C	8	p.His232ThrfsTer30
DTX4	ENST00000227451	chr11_59191135_TA_T	8	p.Lys396AsnfsTer34
EBPL	ENST00000242827	chr13_49661072_T_TA	8	p.Asn173Ter
EMILIN3	ENST00000332312	chr20_41362188_AC_A	8	p.Trp461GlyfsTer21
EPN2	ENST00000314728	chr17_19329636_CA_C	8	p.Thr470GlnfsTer5
FKBP10	ENST00000321562	chr17_41819306_TC_T	8	p.Gly278AlafsTer20
FOXN3	ENST00000345097	chr14_89412189_TG_T	8	p.Pro96HisfsTer42
FOXP4	ENST00000373060	chr6_41587447_AC_A	8	p.Leu272SerfsTer95
FXR1	ENST00000357559	chr3_180948439_CA_C	8	p.Asn124IlefsTer14
FXR2	ENST00000250113	chr17_7592803_T_TG	8	p.Ala541SerfsTer14
GAS6	ENST00000327773	chr13_113820884_CG_C	8	p.Val673TrpfsTer85
GBP7	ENST00000294671	chr1_89147638_G_GC	8	p.His432AlafsTer12
GPR161	ENST00000537209	chr1_168085630_GC_G	8	p.Gly517AlafsTer13
HCFC1R1	ENST00000574980	chr16_3023264_TG_T	8	p.Met84Ter
HDAC4	ENST00000345617	chr2_239081126_TG_T	8	p.Met902TrpfsTer55
HDGF	ENST00000368206	chr1_156745311_GA_G	8	p.Phe66SerfsTer105
IFNGR1	ENST00000367739	chr6_137198367_ACT_A	8	p.Ser378PhefsTer6
IGF2R	ENST00000356956	chr6_160064455_CG_C	8	p.Asp1317ThrfsTer27
IK	ENST00000417647	chr5_140653007_TGA_T	8	p.Glu94AlafsTer21
ILK	ENST00000396751	chr11_6608161_AC_A	8	p.Leu71CysfsTer26
IQSEC2	ENST00000642864	chrX_53255950_GC_G	8	p.Gly283AlafsTer23
ITGAV	ENST00000261023	chr2_186656357_AG_A	8	p.Gly561AspfsTer2
KCNQ4	ENST00000347132	chr1_40784103_GC_G	8	p.Pro6ArgfsTer18
KCTD3	ENST00000259154	chr1_215620579_TA_T	8	p.Ser806ValfsTer16
KIAA0408	ENST00000483725	chr6_127446450_TC_T	8	p.Gly623AspfsTer4
KLRK1	ENST00000240618	chr12_10379776_GA_G	8	p.Phe55SerfsTer7
KMT2B	ENST00000420124	chr19_35719861_A_AC	8	p.Thr176AspfsTer8
LIPE	ENST00000244289	chr19_42401820_GC_G	8	p.Arg1075AspfsTer101
LRP2	ENST00000649046	chr2_169140514_T_TG	8	p.Cys4381MetfsTer12
MCPH1	ENST00000344683	chr8_6445117_CA_C	8	p.Thr468ProfsTer32
MCPH1	ENST00000344683	chr8_6431577_TA_T	8	p.Lys107AsnfsTer39
MESD	ENST00000261758	chr15_80979291_CT_C	8	p.Lys211ArgfsTer6
MFSD4B	ENST00000671876	chr6_111266157_A_AT	8	p.Cys202LeufsTer7
MKRN3	ENST00000314520	chr15_23566257_GC_G	8	p.Pro161ArgfsTer10
MOK	ENST00000361847	chr14_102251965_AT_A	8	p.Ile105LeufsTer25
MPRIP	ENST00000395811	chr17_17143571_GC_G	8	p.Pro353GlnfsTer30
MYRF	ENST00000278836	chr11_61771540_TC_T	8	p.Ser264AlafsTer8
N4BP2	ENST00000261435	chr4_40142828_GA_G	8	p.Asn1650MetfsTer17
NKTR	ENST00000232978	chr3_42637993_GA_G	8	p.Asn766IlefsTer30
NKTR	ENST00000232978	chr3_42637543_TC_T	8	p.Pro616LeufsTer21
NOS1	ENST00000618760	chr12_117265424_GC_G	8	p.Gly676AlafsTer64
OPTN	ENST00000378748	chr10_13109191_AC_A	8	p.His26ThrfsTer19
OR51E1	ENST00000396952	chr11_4652986_CG_C	8	p.Ala156LeufsTer3
ORC5	ENST00000297431	chr7_104165243_GT_G	8	p.Lys343AsnfsTer17
PALM2AKAP2	ENST00000374530	chr9_110138202_GC_G	8	p.Gln889SerfsTer33
PLAGL2	ENST00000246229	chr20_32202148_AG_A	8	p.Trp11GlyfsTer15
PLXNB3	ENST00000538966	chrX_153777235_A_AG	8	p.Val1678GlyfsTer76
PPP1R26	ENST00000356818	chr9_135487664_AG_A	8	p.Gly1054AlafsTer100
PRCC	ENST00000271526	chr1_156791743_TC_T	8	p.Gln380ArgfsTer47
PRKAA2	ENST00000371244	chr1_56691420_AT_A	8	p.Phe90LeufsTer3
PRORP	ENST00000534898	chr14_35123493_AT_A	8	p.Leu86Ter
PTEN	ENST00000371953	chr10_87961041_GTACT_G	8	p.Thr319Ter
PTOV1	ENST00000391842	chr19_49860269_TG_T	8	p.Ter417SerfsTer14
RGL2	ENST00000497454	chr6_33296187_G_GC	8	p.Ser204GlnfsTer3
RGS22	ENST00000360863	chr8_99977949_AT_A	8	p.Lys1162AsnfsTer5
RGS9BP	ENST00000334176	chr19_32676869_CG_C	8	p.Gly205ValfsTer23
RNF6	ENST00000381588	chr13_26214103_TA_T	8	p.Leu593TyrfsTer2
SCLT1	ENST00000281142	chr4_128943007_CT_C	8	p.Ala541ProfsTer3
SEC63	ENST00000369002	chr6_107893569_CT_C	8	p.Lys529ArgfsTer4
SEPTIN10	ENST00000356688	chr2_109544250_GT_G	8	p.Lys502AsnfsTer2
SF3B4	ENST00000271628	chr1_149923669_TG_T	8	p.His383MetfsTer75
SLFN12	ENST00000394562	chr17_35422473_CA_C	8	p.Phe185LeufsTer12
SMAP1	ENST00000370455	chr6_70836970_TA_T	8	p.Ser205ValfsTer15
SMG7	ENST00000507469	chr1_183546131_GA_G	8	p.Met803Ter
SMO	ENST00000249373	chr7_129212162_AC_A	8	p.Pro694LeufsTer82
SYCP2	ENST00000357552	chr20_59891991_A_AT	8	p.Met788AsnfsTer23
TAS2R50	ENST00000506868	chr12_10986832_GA_G	8	p.Ser10GlnfsTer3
TCHH	ENST00000614923	chr1_152114079_AT_A	8	p.Met1?
TLE1	ENST00000376499	chr9_81593216_CG_C	8	p.Asp464ThrfsTer27
TPTE2	ENST00000400230	chr13_19467253_CA_C	8	p.Phe161LeufsTer15
USF3	ENST00000316407	chr3_113661242_AT_A	8	p.Ile147LeufsTer22
VPS9D1	ENST00000389386	chr16_89710896_CG_C	8	p.Pro316ArgfsTer93
YIF1A	ENST00000376901	chr11_66287633_CG_C	8	p.Arg131GlyfsTer50
ZBTB41	ENST00000367405	chr1_197199395_AT_A	8	p.Ile360TyrfsTer14
ZBTB7C	ENST00000588982	chr18_48040147_GC_G	8	p.Pro321LeufsTer18
ZMPSTE24	ENST00000372759	chr1_40290870_GT_G	8	p.Leu362TyrfsTer5
ZNF253	ENST00000589717	chr19_19891582_TA_T	8	p.Gly115AlafsTer22
ZNF292	ENST00000369577	chr6_87218639_AT_A	8	p.Leu151Ter
ZNF330	ENST00000262990	chr4_141222377_TA_T	8	p.Lys5ArgfsTer18
ZNF469	ENST00000565624	chr16_88438443_AG_A	8	p.Arg3662GlufsTer58
ZNF48	ENST00000320159	chr16_30397988_GC_G	8	p.Arg249AspfsTer43
ZNF563	ENST00000293725	chr19_12319402_CA_C	8	p.Trp208GlyfsTer62
AAMP	ENST00000444053	chr2_218270042_TG_T	7	p.Pro15HisfsTer5
ABCA6	ENST00000284425	chr17_69129625_TA_T	7	p.Leu306TyrfsTer7
ABCE1	ENST00000296577	chr4_145119940_AT_A	7	p.Leu313TrpfsTer10
ADAM32	ENST00000379907	chr8_39211247_CA_C	7	p.Lys388AsnfsTer39
AFM	ENST00000226355	chr4_73481814_G_GT	7	p.Leu16PhefsTer3
AGO2	ENST00000220592	chr8_140544245_C_CG	7	p.Ala603ArgfsTer71
AGO2	ENST00000220592	chr8_140544245_CG_C	7	p.Ala603ProfsTer92
AGRN	ENST00000379370	chr1_1046480_GC_G	7	p.Gly1002AlafsTer38
ALX4	ENST00000652299	chr11_44265073_AG_A	7	p.Pro339LeufsTer12
ANGPT2	ENST00000325203	chr8_6521276_A_AT	7	p.Ile234AsnfsTer8
ANK3	ENST00000280772	chr10_60071531_AT_A	7	p.Ile3117SerfsTer2
AOC1	ENST00000416793	chr7_150861170_TC_T	7	p.Pro760LeufsTer?
AQP8	ENST00000219660	chr16_25221553_CG_C	7	p.Met122CysfsTer10
ATM	ENST00000278616	chr11_108244089_CT_C	7	p.Ser214ProfsTer16
ATP10D	ENST00000273859	chr4_47557680_TG_T	7	p.Leu617CysfsTer41
ATP13A3	ENST00000439040	chr3_194427120_CA_C	7	p.Trp1027GlyfsTer31
BAG6	ENST00000375964	chr6_31649277_AG_A	7	p.Pro115LeufsTer53
BCL9	ENST00000234739	chr1_147619694_AC_A	7	p.Pro516LeufsTer5
BTBD11	ENST00000280758	chr12_107544000_AC_A	7	p.Leu453CysfsTer53
BZW1	ENST00000452790	chr2_200818781_GA_G	7	p.Asn317ThrfsTer11
C7orf50	ENST00000397098	chr7_997674_AG_A	7	p.Leu179CysfsTer136
CCDC175	ENST00000537690	chr14_59525381_G_GT	7	p.Asn632LysfsTer6
CCDC63	ENST00000308208	chr12_110873854_GA_G	7	p.Ile131SerfsTer31
CDX2	ENST00000381020	chr13_27963140_AC_A	7	p.Val306CysfsTer2
CHD2	ENST00000394196	chr15_92997085_GA_G	7	p.Lys1245AsnfsTer4
CHD2	ENST00000394196	chr15_92937588_CA_C	7	p.Val175Ter
CIR1	ENST00000342016	chr2_174348984_AT_A	7	p.Ile289TyrfsTer51
CROT	ENST00000419147	chr7_87349163_TA_T	7	p.Lys34AsnfsTer13
CSMD3	ENST00000297405	chr8_112228799_CA_C	7	p.Phe3640LeufsTer61
CSPP1	ENST00000676317	chr8_67164395_GA_G	7	p.Asn903MetfsTer2
CST1	ENST00000304749	chr20_23749116_AC_A	7	p.Val81Ter
DDX17	ENST00000396821	chr22_38501205_CT_C	7	p.Lys121SerfsTer4
DDX39B	ENST00000458640	chr6_31536668_C_CA	7	p.Gly150TrpfsTer9
DDX60L	ENST00000260184	chr4_168396112_GT_G	7	p.Asn1168ThrfsTer25
DENND4A	ENST00000431932	chr15_65702336_AT_A	7	p.Met800CysfsTer75
DHX57	ENST00000457308	chr2_38847042_CA_C	7	p.Leu732TrpfsTer7
DMWD	ENST00000270223	chr19_45786129_AG_A	7	p.Leu456TrpfsTer203
DNAH7	ENST00000312428	chr2_196001810_CT_C	7	p.Lys346SerfsTer23
DOK7	ENST00000340083	chr4_3493242_GC_G	7	p.Ser422HisfsTer34
EHMT2	ENST00000395728	chr6_31884684_AG_A	7	p.Leu912CysfsTer36
EML4	ENST00000318522	chr2_42261161_GA_G	7	p.Glu130ArgfsTer43
EML6	ENST00000356458	chr2_54910992_CT_C	7	p.Phe1152LeufsTer10
EP300	ENST00000263253	chr22_41178674_G_GC	7	p.His2324ProfsTer55
EPPK1	ENST00000615648	chr8_143867209_AC_A	7	p.Gly2015ValfsTer36
FAM111B	ENST00000343597	chr11_59124903_C_CA	7	p.Ala273SerfsTer9
FAM9A	ENST00000543214	chrX_8796278_G_GT	7	p.Gln160ThrfsTer8
FBRSL1	ENST00000434748	chr12_132570104_AC_A	7	p.Ala293ProfsTer121
FNBP1	ENST00000446176	chr9_129924963_AT_A	7	p.Asn328IlefsTer7
GLI3	ENST00000395925	chr7_41965974_CG_C	7	p.Pro1033ArgfsTer46
GPR19	ENST00000651487	chr12_12661339_GT_G	7	p.Asn370ThrfsTer59
GRIK2	ENST00000421544	chr6_102055556_C_CA	7	p.Asn849LysfsTer11
HEATR5B	ENST00000233099	chr2_36981491_TA_T	7	p.Ter2072AsnfsTer3
HELLS	ENST00000394036	chr10_94592293_TA_T	7	p.Arg660GlufsTer11
HELZ2	ENST00000467148	chr20_63561897_CG_C	7	p.Arg2206ValfsTer29
HOXA11	ENST00000006015	chr7_27182842_AT_A	7	p.Ile299LeufsTer30
HOXB7	ENST00000239165	chr17_48610727_G_GC	7	p.Met65HisfsTer29
HTT	ENST00000355072	chr4_3131389_GA_G	7	p.Asn699MetfsTer9
INTS12	ENST00000451321	chr4_105699964_CA_C	7	p.Leu14Ter
IRS1	ENST00000305123	chr2_226796947_G_GC	7	p.His598AlafsTer13
ITGA10	ENST00000369304	chr1_145907073_GC_G	7	p.Ala81ProfsTer11
KANSL1L	ENST00000281772	chr2_210022955_AT_A	7	p.Asn986IlefsTer12
KCNA4	ENST00000328224	chr11_30011392_AC_A	7	p.Gly429ValfsTer53
KCNK13	ENST00000282146	chr14_90184940_AG_A	7	p.Val391TrpfsTer7
KIAA2012	ENST00000498697	chr2_202190209_GA_G	7	p.Thr846GlnfsTer16
KIF5B	ENST00000302418	chr10_32022897_AT_A	7	p.Met622TrpfsTer8
KLHDC8B	ENST00000332780	chr3_49172810_TC_T	7	p.Met17CysfsTer59
KLHL34	ENST00000379499	chrX_21656927_GC_G	7	p.Arg288AlafsTer7
KMT2D	ENST00000301067	chr12_49049883_AC_A	7	p.Gly1235ValfsTer95
LARP7	ENST00000509061	chr4_112649597_T_TA	7	p.Thr412AsnfsTer26
LHX1	ENST00000614239	chr17_36943097_A_AC	7	p.Glu399ArgfsTer65
LRRC9	ENST00000647410	chr14_60062012_C_CA	7	p.Asn1429LysfsTer10
LTN1	ENST00000614971	chr21_28966883_ATT_A	7	p.Asn582TrpfsTer2
MACO1	ENST00000374343	chr1_25448883_CT_C	7	p.Phe102LeufsTer47
MAP3K4	ENST00000392142	chr6_161048743_TA_T	7	p.Asn160MetfsTer8
MAPRE3	ENST00000233121	chr2_27025648_G_GC	7	p.Cys182LeufsTer16
MBD6	ENST00000355673	chr12_57527218_AC_A	7	p.Gln694SerfsTer5
MDGA2	ENST00000357362	chr14_47061567_CT_C	7	p.Gly105AspfsTer22
MEX3A	ENST00000532414	chr1_156081798_G_GC	7	p.Gly68ArgfsTer89
MIA2	ENST00000640607	chr14_39277038_CT_C	7	p.Leu667CysfsTer22
MIDEAS	ENST00000286523	chr14_73739902_TG_T	7	p.Gln36SerfsTer6
MLH3	ENST00000355774	chr14_75047900_CT_C	7	p.Glu586AsnfsTer24
MUC19	ENST00000676020	chr12_40412037_CT_C	7	p.Tyr142MetfsTer99
MYOCD	ENST00000425538	chr17_12739288_GC_G	7	p.Ser229AlafsTer4
NAA15	ENST00000296543	chr4_139370290_GA_G	7	p.Asn614MetfsTer22
NDST2	ENST00000309979	chr10_73807816_TA_T	7	p.Leu191TyrfsTer12
NID2	ENST00000216286	chr14_52015200_CG_C	7	p.Arg1035GlyfsTer67
NIPBL	ENST00000282516	chr5_37064796_CA_C	7	p.Ile2776LeufsTer3
NKAPL	ENST00000343684	chr6_28259740_GGA_G	7	p.Arg127AspfsTer8
NLRP12	ENST00000391773	chr19_53807549_AC_A	7	p.Val731Ter
PAPPA2	ENST00000367662	chr1_176793587_TC_T	7	p.Ser1686ValfsTer4
PATJ	ENST00000642238	chr1_61787907_AC_A	7	p.Pro337LeufsTer13
PAXIP1	ENST00000404141	chr7_154991029_CA_C	7	p.Phe100LeufsTer31
PHF1	ENST00000374516	chr6_33412272_GC_G	7	p.Arg6GlyfsTer2
PHF20L1	ENST00000395386	chr8_132814663_GA_G	7	p.Asn322MetfsTer42
PIGZ	ENST00000412723	chr3_196947488_C_CG	7	p.Arg470ProfsTer22
PLEKHA7	ENST00000531066	chr11_16800977_GA_G	7	p.Phe802SerfsTer21
PPP2R5A	ENST00000261461	chr1_212360768_TA_T	7	c.*7del
PRKDC	ENST00000314191	chr8_47954349_A_AT	7	p.Ile166AsnfsTer11
PRPF4B	ENST00000337659	chr6_4031646_CA_C	7	p.Lys46ArgfsTer58
PRSS36	ENST00000268281	chr16_31140620_AG_A	7	p.Leu680TrpfsTer6
PTCH1	ENST00000331920	chr9_95447334_TG_T	7	p.Arg1308GlufsTer64
PTEN	ENST00000371953	chr10_87961054_C_CA	7	p.Asn323LysfsTer2
RBM27	ENST00000265271	chr5_146267756_T_TA	7	p.Gln817ThrfsTer63
RECQL	ENST00000444129	chr12_21491612_CT_C	7	p.Val41SerfsTer2
RIF1	ENST00000243326	chr2_151464026_TA_T	7	p.Lys1505ArgfsTer18
RMDN3	ENST00000260385	chr15_40737695_GT_G	7	p.Thr386LeufsTer22
RNF103	ENST00000237455	chr2_86603891_CT_C	7	p.Lys670SerfsTer27
RNF123	ENST00000327697	chr3_49702400_CG_C	7	c.1629+1del
SAMD9L	ENST00000318238	chr7_93131424_AT_A	7	p.Asn1516MetfsTer10
SBNO1	ENST00000602398	chr12_123309735_AT_A	7	p.Asn1139MetfsTer9
SEC63	ENST00000369002	chr6_107893569_C_CT	7	p.Lys530GlufsTer30
SGO2	ENST00000357799	chr2_200572280_AT_A	7	p.Phe648SerfsTer14
SLC12A7	ENST00000264930	chr5_1074582_TG_T	7	p.His686ThrfsTer11
SLC16A4	ENST00000369779	chr1_110363804_C_CA	7	p.Val476CysfsTer24
SLC4A11	ENST00000380059	chr20_3234778_CA_C	7	p.Phe111LeufsTer32
SMC6	ENST00000448223	chr2_17716858_A_AT	7	p.Ile410AsnfsTer40
TAF1D	ENST00000448108	chr11_93738286_CT_C	7	p.Lys94ArgfsTer26
TCF20	ENST00000359486	chr22_42168709_AG_A	7	p.Leu1943CysfsTer118
TCF7	ENST00000342854	chr5_134138073_GC_G	7	p.His155ThrfsTer44
TEP1	ENST00000262715	chr14_20384487_AC_A	7	p.Gly1081ValfsTer26
TEX10	ENST00000374902	chr9_100349350_CT_C	7	p.Arg5GlufsTer10
TMEM79	ENST00000295694	chr1_156285706_G_GC	7	p.Arg163ProfsTer9
TRIM33	ENST00000358465	chr1_114510573_GC_G	7	p.Gly168AlafsTer11
TSPAN10	ENST00000574882	chr17_81645290_TG_T	7	p.Leu154CysfsTer19
TTC3	ENST00000399017	chr21_37140662_G_GA	7	p.Asn590LysfsTer11
TUBGCP2	ENST00000543663	chr10_133279827_TG_T	7	p.Gln911LysfsTer25
UBQLN2	ENST00000338222	chrX_56565440_GC_G	7	p.Pro525LeufsTer71
UNC79	ENST00000256339	chr14_93621703_GA_G	7	p.Lys1316SerfsTer12
WDR87	ENST00000447313	chr19_37888792_G_GT	7	p.Arg1627ThrfsTer40
WRAP53	ENST00000316024	chr17_7703396_T_TG	7	p.Ala522GlyfsTer8
WWC2	ENST00000403733	chr4_183245422_TA_T	7	p.Met206CysfsTer17
YBX2	ENST00000007699	chr17_7294261_CG_C	7	p.Pro80ArgfsTer81
ZEB1	ENST00000361642	chr10_31520904_AG_A	7	p.Val527Ter
ZFHX3	ENST00000641206	chr16_72958049_GC_G	7	p.Gly699AlafsTer125
ZMPSTE24	ENST00000372759	chr1_40290870_G_GT	7	p.Leu362PhefsTer19
ZMYM3	ENST00000314425	chrX_71253003_GC_G	7	p.Leu85CysfsTer28
ZNF628	ENST00000598519	chr19_55481910_GC_G	7	p.Gln242SerfsTer185
ZNF687	ENST00000324048	chr1_151288602_AC_A	7	p.His733MetfsTer30
AASDH	ENST00000205214	chr4_56354102_C_CA	6	p.Leu440PhefsTer16
ABCB6	ENST00000265316	chr2_219216380_AC_A	6	p.Gly318ValfsTer9
ACTG2	ENST00000409624	chr2_73901390_GC_G	6	p.Arg29GlyfsTer16
ADAM7	ENST00000175238	chr8_24491904_TA_T	6	p.Ala456GlnfsTer65
ADAMDEC1	ENST00000256412	chr8_24400172_TA_T	6	p.Lys341ArgfsTer7
ADGRV1	ENST00000405460	chr5_90828963_AT_A	6	p.Phe5465LeufsTer13
AFP	ENST00000395792	chr4_73447654_GA_G	6	p.Asn348IlefsTer22
AGGF1	ENST00000312916	chr5_77063141_CA_C	6	p.Asn681ThrfsTer29
AGO1	ENST00000373204	chr1_35888443_G_GC	6	p.Leu17ProfsTer28
AHNAK2	ENST00000333244	chr14_104940283_AC_A	6	p.Gly5056ValfsTer30
AKAP13	ENST00000361243	chr15_85743785_GA_G	6	p.Lys2791ArgfsTer34
ALPK2	ENST00000361673	chr18_58579708_TA_T	6	p.Leu356TyrfsTer2
ANKRD26	ENST00000376087	chr10_27033329_GT_G	6	p.Lys1234AsnfsTer19
ARAF	ENST00000290277	chrX_47567015_AC_A	6	p.Arg258GlyfsTer37
ARID1A	ENST00000324856	chr1_26762167_AC_A	6	p.Gln758ArgfsTer75
ARID5B	ENST00000279873	chr10_62090945_GA_G	6	p.Ile497Ter
ATF7IP	ENST00000544627	chr12_14424867_G_GA	6	p.Asn328LysfsTer4
ATM	ENST00000278616	chr11_108345749_CA_C	6	p.Lys2811SerfsTer46
ATR	ENST00000350721	chr3_142555897_A_AT	6	p.Ile774AsnfsTer3
ATXN2L	ENST00000395547	chr16_28826940_AG_A	6	p.Gly234ValfsTer33
ATXN7	ENST00000522345	chr3_63996155_GC_G	6	p.Thr781ProfsTer11
B4GALNT1	ENST00000341156	chr12_57631319_GC_G	6	p.Gly88AlafsTer24
BAAT	ENST00000259407	chr9_101371403_AT_A	6	p.Met1?
BEND4	ENST00000502486	chr4_42151879_CG_C	6	p.Gly91AlafsTer23
BRAF	ENST00000496384	chr7_140783126_AG_A	6	p.Pro403LeufsTer8
BRD7	ENST00000394689	chr16_50334766_CCT_C	6	p.Glu277GlyfsTer18
C15orf48	ENST00000344300	chr15_45432080_GA_G	6	p.Asn47IlefsTer17
C1orf112	ENST00000286031	chr1_169821725_GT_G	6	p.Phe252LeufsTer51
C1QTNF5	ENST00000528368	chr11_119339479_G_GC	6	p.Ala195GlyfsTer8
C20orf85	ENST00000371168	chr20_58160670_TC_T	6	p.Pro90GlnfsTer19
C2CD6	ENST00000439140	chr2_201493830_AT_A	6	p.Asn837IlefsTer9
C8orf89	ENST00000624510	chr8_73241485_CT_C	6	p.Ser153AlafsTer16
CACNA1H	ENST00000348261	chr16_1220495_GC_G	6	p.Cys2191AlafsTer26
CACNA1I	ENST00000402142	chr22_39686293_AC_A	6	p.Gly2190AlafsTer82
CAND2	ENST00000456430	chr3_12817789_CG_C	6	p.Val955TrpfsTer12
CARF	ENST00000438828	chr2_202983584_CA_C	6	p.Thr716LeufsTer25
CBARP	ENST00000590083	chr19_1231034_A_AG	6	p.Arg408Ter
CCDC168	ENST00000322527	chr13_102747468_AT_A	6	p.Lys1076AsnfsTer14
CCDC182	ENST00000299415	chr17_57745208_AT_A	6	p.Met22Ter
CCDC9B	ENST00000559313	chr15_40339580_TC_T	6	p.Met99TrpfsTer3
CCT3	ENST00000295688	chr1_156320856_AT_A	6	p.Lys197AsnfsTer23
CD3EAP	ENST00000589804	chr19_45408613_GA_G	6	p.Asn220IlefsTer4
CDC42EP5	ENST00000301200	chr19_54465156_TG_T	6	p.Gln131ArgfsTer12
CENPH	ENST00000283006	chr5_69197074_TA_T	6	p.Asn115ThrfsTer16
CEP162	ENST00000403245	chr6_84186514_C_CA	6	p.Asp407Ter
CEP290	ENST00000552810	chr12_88093903_AT_A	6	p.Ile1059Ter
CEP290	ENST00000552810	chr12_88130301_GT_G	6	p.Asn212ThrfsTer14
CFAP54	ENST00000524981	chr12_96630580_TA_T	6	p.Lys1418ArgfsTer4
CHD1	ENST00000614616	chr5_98870704_CT_C	6	p.Glu1321LysfsTer22
CHERP	ENST00000546361	chr19_16525620_AG_A	6	p.Trp455GlyfsTer200
CLASP1	ENST00000263710	chr2_121367781_AC_A	6	p.Gly1231ValfsTer4
CLDN6	ENST00000396925	chr16_3015454_AC_A	6	p.Ser190ProfsTer70
CLOCK	ENST00000513440	chr4_55470786_T_TA	6	p.Leu123PhefsTer14
CNNM2	ENST00000369878	chr10_102920005_AC_A	6	p.Leu511Ter
CNTLN	ENST00000380647	chr9_17135272_TG_T	6	p.Ala72GlnfsTer18
COL17A1	ENST00000648076	chr10_104059689_CT_C	6	p.Glu391LysfsTer12
COL28A1	ENST00000399429	chr7_7373214_CT_C	6	p.Val898TrpfsTer18
COL9A2	ENST00000372748	chr1_40304364_CG_C	6	p.Gly415GlufsTer116
CSF3	ENST00000225474	chr17_40015741_AC_A	6	p.Leu33TrpfsTer16
CWF19L2	ENST00000282251	chr11_107429254_AT_A	6	p.Asn326IlefsTer19
DCAF17	ENST00000375255	chr2_171478027_TA_T	6	p.Ser411ValfsTer23
DCHS1	ENST00000299441	chr11_6640910_CG_C	6	p.Arg235GlyfsTer9
DDC	ENST00000444124	chr7_50463376_AT_A	6	p.Ile433SerfsTer98
DENND1C	ENST00000381480	chr19_6477239_A_AG	6	p.Thr165TyrfsTer5
DENND4B	ENST00000361217	chr1_153944352_CG_C	6	p.Arg8GlyfsTer8
DNAH11	ENST00000409508	chr7_21900050_CA_C	6	p.Thr4414GlnfsTer72
DNAJB7	ENST00000307221	chr22_40861110_CT_C	6	p.Lys295ArgfsTer25
DNM1	ENST00000372923	chr9_128250832_T_TG	6	p.Ala812GlyfsTer13
DOCK10	ENST00000645028	chr2_224874130_CT_C	6	p.Asp388IlefsTer8
DYNC1H1	ENST00000360184	chr14_101979450_CT_C	6	p.Phe161LeufsTer52
DYRK3	ENST00000367109	chr1_206648095_TA_T	6	p.Asn302IlefsTer35
EIF2AK1	ENST00000199389	chr7_6046108_AT_A	6	p.Ile198SerfsTer2
EVI5	ENST00000540033	chr1_92693808_AT_A	6	p.Met408Ter
FAM178B	ENST00000490605	chr2_96972126_CG_C	6	p.Pro113ArgfsTer31
FAM193A	ENST00000324666	chr4_2696449_TA_T	6	p.Met833TrpfsTer23
FBXO34	ENST00000313833	chr14_55351836_GT_G	6	p.Leu485CysfsTer13
FETUB	ENST00000265029	chr3_186644754_C_CA	6	p.Ile147AspfsTer7
FGF13	ENST00000436198	chrX_138857660_AG_A	6	p.Pro23LeufsTer19
FLNB	ENST00000490882	chr3_58104060_TG_T	6	p.Gly531AspfsTer42
FNDC4	ENST00000264703	chr2_27494649_TG_T	6	p.Ser11AlafsTer17
FNDC4	ENST00000264703	chr2_27494649_T_TG	6	p.Ser11GlnfsTer28
FOXA2	ENST00000419308	chr20_22582878_G_GC	6	p.Gln122AlafsTer123
FSIP2	ENST00000424728	chr2_185795166_C_CA	6	p.Thr2680AsnfsTer9
FSTL4	ENST00000265342	chr5_133199254_AC_A	6	p.Gly790ValfsTer6
FXR2	ENST00000250113	chr17_7592803_TG_T	6	p.Pro540GlnfsTer32
G2E3	ENST00000206595	chr14_30605565_TA_T	6	p.Thr361LeufsTer16
GANAB	ENST00000346178	chr11_62639701_TA_T	6	p.Leu23Ter
GART	ENST00000381831	chr21_33509814_C_CT	6	p.Ala808GlyfsTer26
GRIN2A	ENST00000330684	chr16_9763522_CT_C	6	p.Ser1341AlafsTer56
GRIN3B	ENST00000234389	chr19_1007861_AC_A	6	p.Lys738SerfsTer25
GTF3C1	ENST00000356183	chr16_27464650_C_CG	6	p.Glu1848ArgfsTer22
HAUS3	ENST00000243706	chr4_2240906_AT_A	6	p.Ile14LeufsTer27
HAUS6	ENST00000380502	chr9_19063048_CT_C	6	p.Ser530ValfsTer12
HOXB7	ENST00000239165	chr17_48610727_GC_G	6	p.Gly64AlafsTer99
ICAM4	ENST00000340992	chr19_10287042_GT_G	6	p.Leu13TrpfsTer40
IGFN1	ENST00000335211	chr1_201206214_AG_A	6	p.Gly443AlafsTer15
IL2RG	ENST00000374202	chrX_71107763_TG_T	6	p.Pro361HisfsTer5
ITGAE	ENST00000263087	chr17_3751741_AG_A	6	p.Leu601TrpfsTer82
ITSN1	ENST00000381318	chr21_33722604_CT_C	6	p.Gln50AsnfsTer9
JAK1	ENST00000672434	chr1_64841313_G_GT	6	p.Pro861ThrfsTer4
JAK1	ENST00000672434	chr1_64864946_AT_A	6	p.Asn339IlefsTer3
JARID2	ENST00000341776	chr6_15496404_CG_C	6	p.Ala396ArgfsTer18
JHY	ENST00000227349	chr11_122904414_TA_T	6	p.Arg281GlufsTer15
KCNB1	ENST00000371741	chr20_49373353_CG_C	6	p.Arg736GlyfsTer9
KCNC1	ENST00000265969	chr11_17772456_GA_G	6	p.Lys457ArgfsTer20
KIAA0100	ENST00000528896	chr17_28644104_CA_C	6	p.Trp51GlyfsTer77
KIF20B	ENST00000371728	chr10_89723990_GA_G	6	p.Lys586AsnfsTer2
KLF2	ENST00000248071	chr19_16325637_GC_G	6	p.Pro168ArgfsTer122
KLHL1	ENST00000377844	chr13_70107595_TC_T	6	p.Gly35GlufsTer31
KMT2B	ENST00000420124	chr19_35719861_AC_A	6	p.Pro174GlnfsTer20
KMT2C	ENST00000262189	chr7_152148438_TA_T	6	p.Phe4496LeufsTer21
KNOP1	ENST00000219837	chr16_19711401_CT_C	6	p.Gly320AlafsTer8
KRCC1	ENST00000347055	chr2_88028016_CT_C	6	p.Ser183AlafsTer7
KRR1	ENST00000229214	chr12_75499812_CT_C	6	p.Lys381SerfsTer8
LAMB4	ENST00000388781	chr7_108123138_CA_C	6	p.Leu9CysfsTer43
LAT	ENST00000395461	chr16_28984905_TG_T	6	p.Ala18ProfsTer41
LAT	ENST00000395461	chr16_28984905_T_TG	6	p.Ala18GlyfsTer8
LCP2	ENST00000046794	chr5_170250848_GT_G	6	p.Thr454GlnfsTer73
LIMCH1	ENST00000503057	chr4_41619371_CAG_C	6	p.Glu133GlyfsTer23
LINGO4	ENST00000368820	chr1_151801556_AG_A	6	p.Pro383LeufsTer14
LOXL3	ENST00000264094	chr2_74536796_G_GC	6	p.Ala277CysfsTer57
LRP1	ENST00000243077	chr12_57210156_G_GC	6	p.Asp4193ArgfsTer9
LRRC8C	ENST00000370454	chr1_89714087_TC_T	6	p.Trp509GlyfsTer13
LRRC9	ENST00000647410	chr14_59981901_C_CA	6	p.Asn647LysfsTer14
LRRC9	ENST00000647410	chr14_60062012_CA_C	6	p.Asn1429ThrfsTer7
LTN1	ENST00000614971	chr21_28966883_A_AT	6	p.Asn582LysfsTer3
MARCKS	ENST00000612661	chr6_113860553_GC_G	6	p.Pro327GlnfsTer42
MARS1	ENST00000262027	chr12_57489269_AT_A	6	p.Leu71CysfsTer33
MAZ	ENST00000219782	chr16_29809684_T_TG	6	p.Ala478GlyfsTer28
MCM3AP	ENST00000291688	chr21_46243482_CG_C	6	p.Arg1760GlyfsTer9
MEGF8	ENST00000251268	chr19_42334145_TG_T	6	p.Gly166ValfsTer53
MEPCE	ENST00000310512	chr7_100430444_T_TG	6	p.Gly146ArgfsTer7
MOCS2	ENST00000396954	chr5_53107109_TG_T	6	p.Pro22HisfsTer2
MTA1	ENST00000331320	chr14_105469901_CG_C	6	p.Gly638AlafsTer11
MYBL1	ENST00000522677	chr8_66576217_GT_G	6	p.Asn420ThrfsTer13
MYO6	ENST00000369977	chr6_75890140_GA_G	6	p.Lys917AsnfsTer10
NCOA7	ENST00000392477	chr6_125855170_GA_G	6	p.Lys70ArgfsTer7
NCOR2	ENST00000405201	chr12_124356704_CG_C	6	p.Arg1060ValfsTer3
NDUFA10	ENST00000252711	chr2_240014803_T_TG	6	p.His202ProfsTer25
NEK1	ENST00000507142	chr4_169507051_CT_C	6	p.Val665CysfsTer34
NFIC	ENST00000443272	chr19_3453854_TC_T	6	p.Pro456LeufsTer36
NFRKB	ENST00000524794	chr11_129882600_CT_C	6	p.Lys336ArgfsTer13
NKTR	ENST00000232978	chr3_42637543_T_TC	6	p.Ser617PhefsTer15
NOBOX	ENST00000467773	chr7_144401402_C_CG	6	p.Arg163ProfsTer48
NOL4L	ENST00000621426	chr20_32453752_AG_A	6	p.Tyr377ThrfsTer20
NPHS2	ENST00000367615	chr1_179559745_CA_C	6	p.Leu156CysfsTer25
NUGGC	ENST00000413272	chr8_28031258_AT_A	6	p.Asn631IlefsTer3
NUP214	ENST00000359428	chr9_131197620_GC_G	6	p.Pro1378ArgfsTer3
NYAP2	ENST00000636099	chr2_225582355_G_GC	6	p.Lys316GlnfsTer116
OCA2	ENST00000354638	chr15_27955158_CT_C	6	p.Lys614SerfsTer14
OR1L3	ENST00000304820	chr9_122675656_AT_A	6	p.Cys179ValfsTer7
OR4K5	ENST00000315915	chr14_19921134_CT_C	6	p.Cys179ValfsTer20
OR4P4	ENST00000641760	chr11_55638665_AT_A	6	p.Phe105LeufsTer4
OR52N5	ENST00000641181	chr11_5778421_C_CA	6	p.Gly72TrpfsTer8
OR7C1	ENST00000642030	chr19_14799825_GA_G	6	p.Phe104SerfsTer12
PARD3	ENST00000374789	chr10_34382572_AT_A	6	p.Ile456Ter
PCDH19	ENST00000373034	chrX_100407506_C_CG	6	p.Tyr366LeufsTer10
PCLO	ENST00000333891	chr7_82953627_CT_C	6	p.Lys2442SerfsTer2
PDCD1	ENST00000334409	chr2_241852951_TG_T	6	p.Thr36ProfsTer9
PDZD4	ENST00000393758	chrX_153804631_GC_G	6	p.Gly350AlafsTer63
PGAP4	ENST00000374851	chr9_101476797_CG_C	6	p.Arg99GlyfsTer5
PHF20L1	ENST00000395386	chr8_132842596_GA_G	6	p.Ile826Ter
PIGZ	ENST00000412723	chr3_196947488_CG_C	6	p.Arg470GlyfsTer30
PITX3	ENST00000370002	chr10_102230753_CG_C	6	p.Leu225TrpfsTer84
PLEKHA5	ENST00000429027	chr12_19361583_TA_T	6	p.Thr1165LeufsTer17
PLEKHH1	ENST00000329153	chr14_67587132_A_AC	6	p.Thr1334HisfsTer56
PLXNA3	ENST00000369682	chrX_154460224_T_TG	6	p.Ala17GlyfsTer39
PLXNB1	ENST00000358536	chr3_48424075_AC_A	6	p.Gly179ValfsTer41
POLE3	ENST00000374171	chr9_113408914_GT_G	6	p.Thr114GlnfsTer32
POLM	ENST00000395831	chr7_44080814_TG_T	6	p.Pro97GlnfsTer6
POTEE	ENST00000356920	chr2_131263504_GA_G	6	p.Lys686ArgfsTer6
PPP2R3C	ENST00000261475	chr14_35116728_CT_C	6	p.Ser23ValfsTer5
PPP4R3C	ENST00000412172	chrX_27462286_GA_G	6	p.Phe337SerfsTer23
PQBP1	ENST00000651767	chrX_48902390_CAG_C	6	p.Glu154AlafsTer12
PRSS56	ENST00000617714	chr2_232523817_A_AC	6	p.Gln356ProfsTer152
PRTG	ENST00000389286	chr15_55620693_GA_G	6	p.Phe1056SerfsTer30
PSD3	ENST00000327040	chr8_18632785_CT_C	6	p.Lys746SerfsTer73
PYGO2	ENST00000368457	chr1_154959551_T_TG	6	p.Gln150ProfsTer27
RAD51AP1	ENST00000228843	chr12_4543896_TA_T	6	p.Arg70AspfsTer21
RANBP6	ENST00000259569	chr9_6012689_AT_A	6	p.Asn973MetfsTer12
RAPGEF2	ENST00000264431	chr4_159350158_TA_T	6	p.Ile1087PhefsTer98
RBM26	ENST00000622611	chr13_79344671_GT_G	6	p.Lys729AsnfsTer5
RBM26	ENST00000622611	chr13_79344671_G_GT	6	p.Gln730ThrfsTer23
RERE	ENST00000337907	chr1_8360257_AC_A	6	p.Ser1084ArgfsTer173
RFX5	ENST00000290524	chr1_151346264_T_TG	6	p.Gly20ArgfsTer4
RGL2	ENST00000497454	chr6_33296187_GC_G	6	p.Gly203AlafsTer49
RING1	ENST00000374656	chr6_33211212_TG_T	6	p.Glu173LysfsTer14
ROBO1	ENST00000464233	chr3_78661084_TA_T	6	p.Phe755LeufsTer28
RRS1	ENST00000320270	chr8_66429265_AC_A	6	p.Pro47ArgfsTer42
RUFY2	ENST00000388768	chr10_68396825_A_AT	6	p.Met153AsnfsTer17
SASH1	ENST00000367467	chr6_148544641_GC_G	6	p.Trp1060GlyfsTer16
SCAF4	ENST00000286835	chr21_31702341_AT_A	6	p.Asn120MetfsTer25
SCAMP2	ENST00000268099	chr15_74848654_CA_C	6	p.Cys227ValfsTer3
SDAD1	ENST00000356260	chr4_75970367_CT_C	6	p.Lys275ArgfsTer15
SEC62	ENST00000337002	chr3_169982875_GA_G	6	p.Asp144MetfsTer58
SERPINB10	ENST00000238508	chr18_63917504_G_GA	6	p.Arg76LysfsTer16
SH2B2	ENST00000536178	chr7_102321472_GC_G	6	p.Pro626ArgfsTer65
SHANK3	ENST00000445220	chr22_50721504_T_TG	6	p.Ala1220GlyfsTer69
SLC12A1	ENST00000647546	chr15_48234945_AT_A	6	p.Phe388SerfsTer40
SLC25A41	ENST00000321510	chr19_6430119_GC_G	6	p.Leu136TyrfsTer75
SLC26A7	ENST00000309536	chr8_91340518_CA_C	6	p.Lys333AsnfsTer20
SLC27A3	ENST00000271857	chr1_153779383_TC_T	6	p.His726ThrfsTer65
SLPI	ENST00000338380	chr20_45253089_TG_T	6	p.Asn103IlefsTer13
SMAD7	ENST00000262158	chr18_48948424_A_AG	6	p.Pro210SerfsTer25
SMC2	ENST00000286398	chr9_104123219_TA_T	6	p.Thr751ProfsTer9
SMIM31	ENST00000507311	chr4_164801102_GA_G	6	p.Lys44ArgfsTer38
SOX4	ENST00000244745	chr6_21595064_CG_C	6	p.Gly179GlufsTer115
SPEG	ENST00000312358	chr2_219483199_AC_A	6	p.Ser1915ValfsTer324
SRP72	ENST00000642900	chr4_56467653_CG_C	6	p.Val9CysfsTer10
SRPRA	ENST00000332118	chr11_126267191_C_CT	6	p.Ala172GlyfsTer7
STAB1	ENST00000321725	chr3_52516102_AG_A	6	p.Val1339CysfsTer252
SYNCRIP	ENST00000369622	chr6_85622635_GT_G	6	p.Asn285ThrfsTer22
TAF1C	ENST00000567759	chr16_84180044_TG_T	6	p.Gln534SerfsTer28
TAF1L	ENST00000242310	chr9_32633585_C_CT	6	p.Ala666GlyfsTer38
TAF1L	ENST00000242310	chr9_32633026_CT_C	6	p.Ala852ProfsTer14
TBC1D31	ENST00000287380	chr8_123128280_GT_G	6	p.His632ThrfsTer8
TBCK	ENST00000394708	chr4_106235347_GT_G	6	p.Asn457ThrfsTer15
TCHP	ENST00000312777	chr12_109906629_GA_G	6	p.Lys174AsnfsTer26
TEX15	ENST00000643185	chr8_30845999_CT_C	6	p.Ala1390LeufsTer12
TMEM108	ENST00000321871	chr3_133380179_G_GC	6	p.Arg159ProfsTer20
TMEM94	ENST00000375248	chr17_75494981_TC_T	6	p.Ser905ProfsTer13
TMPRSS12	ENST00000398458	chr12_50858931_TA_T	6	p.Ala180GlnfsTer2
TNMD	ENST00000373031	chrX_100599072_GA_G	6	p.Ile216LeufsTer12
TNPO1	ENST00000337273	chr5_72903717_AT_A	6	p.Cys844ValfsTer45
TNRC18	ENST00000430969	chr7_5361627_C_CG	6	p.Arg1543ProfsTer10
TNRC6A	ENST00000395799	chr16_24791044_AG_A	6	p.Trp804GlyfsTer99
TOPBP1	ENST00000260810	chr3_133611035_AT_A	6	p.Ile1381SerfsTer61
TP53RK	ENST00000372114	chr20_46686994_AG_A	6	p.Leu174TrpfsTer4
TPTE	ENST00000618007	chr21_10567752_A_AT	6	p.Asp180Ter
TRAF3IP2	ENST00000340026	chr6_111559489_GT_G	6	p.Asn547ThrfsTer7
TRUB1	ENST00000298746	chr10_114970432_GC_G	6	p.Leu199SerfsTer5
UBA6	ENST00000322244	chr4_67665188_CA_C	6	p.Phe299LeufsTer8
UFL1	ENST00000369278	chr6_96551909_CA_C	6	p.Arg660GlyfsTer17
UHRF1BP1L	ENST00000279907	chr12_100058061_TG_T	6	p.Pro1072GlnfsTer11
UNK	ENST00000589666	chr17_75818720_AC_A	6	p.Pro486LeufsTer12
USP26	ENST00000511190	chrX_133026759_CA_C	6	p.Phe487LeufsTer40
VEZT	ENST00000436874	chr12_95266512_TA_T	6	p.Lys199AsnfsTer20
VPS33A	ENST00000267199	chr12_122235849_GC_G	6	p.Gly459AlafsTer86
WBP1	ENST00000233615	chr2_74460422_CT_C	6	p.His185IlefsTer10
WDR19	ENST00000399820	chr4_39205183_G_GT	6	p.Leu214PhefsTer5
WDR49	ENST00000647816	chr3_167505313_AT_A	6	p.Lys948AsnfsTer9
WNT1	ENST00000293549	chr12_48980564_TG_T	6	p.Gly169AlafsTer30
WRN	ENST00000298139	chr8_31143615_TA_T	6	p.Ser1128ValfsTer34
ZBED5	ENST00000432999	chr11_10854233_AT_A	6	p.Ile238Ter
ZC3H13	ENST00000242848	chr13_45969525_GT_G	6	p.Lys1006AsnfsTer31
ZCRB1	ENST00000266529	chr12_42313168_AT_A	6	p.Lys184AsnfsTer20
ZFP36L2	ENST00000282388	chr2_43225372_GC_G	6	p.Gly144AlafsTer43
ZNF236	ENST00000320610	chr18_76881473_GA_G	6	p.Met463Ter
ZNF469	ENST00000565624	chr16_88437794_A_AG	6	p.Arg3445AlafsTer58
ZNF541	ENST00000391901	chr19_47545836_CG_C	6	p.Pro231ArgfsTer49
ZNF831	ENST00000637017	chr20_59194084_TG_T	6	p.Asp1025ThrfsTer40
ZNF831	ENST00000637017	chr20_59191164_G_GC	6	p.Thr52HisfsTer47
ZRANB3	ENST00000264159	chr2_135230869_CT_C	6	p.Arg533AspfsTer3
ZSWIM8	ENST00000398706	chr10_73800705_T_TC	6	p.Tyr1701LeufsTer3
ABLIM2	ENST00000447017	chr4_8088268_CG_C	5	p.Asp120ThrfsTer3
ADA2	ENST00000399837	chr22_17209533_GC_G	5	p.Arg49GlyfsTer4
ADAL	ENST00000562188	chr15_43348916_CA_C	5	p.Glu218LysfsTer33
ADAM21	ENST00000603540	chr14_70459543_GT_G	5	p.Leu684CysfsTer3
ADAMTSL1	ENST00000380548	chr9_18777688_CG_C	5	p.Gly1155GlufsTer42
ADAMTSL1	ENST00000380548	chr9_18829844_TC_T	5	p.Gln1375LysfsTer24
ADAMTSL1	ENST00000380548	chr9_18680351_TG_T	5	p.Gly395AlafsTer56
ADAMTSL5	ENST00000330475	chr19_1506801_AC_A	5	p.Val327TrpfsTer101
ADGB	ENST00000397944	chr6_146644774_AT_A	5	p.Phe82LeufsTer14
ADGRA2	ENST00000412232	chr8_37834086_TG_T	5	p.Ala525ProfsTer12
ADGRE3	ENST00000253673	chr19_14647300_CA_C	5	p.Phe254LeufsTer12
ADRA2A	ENST00000280155	chr10_111078097_CG_C	5	p.Gly36AlafsTer12
AFF2	ENST00000370460	chrX_148652026_TA_T	5	p.Arg28GlyfsTer30
AGBL1	ENST00000441037	chr15_86264461_CA_C	5	p.Asn433IlefsTer4
AKAP6	ENST00000280979	chr14_32433518_TC_T	5	p.Leu11Ter
AKAP9	ENST00000356239	chr7_91973770_GA_G	5	p.Lys39ArgfsTer17
AMMECR1	ENST00000262844	chrX_110317851_TG_T	5	p.Gln74ArgfsTer89
ANKRD30B	ENST00000665241	chr18_14853827_CA_C	5	p.Lys1382AsnfsTer13
ANKRD49	ENST00000544612	chr11_94496892_GA_G	5	p.Met70TrpfsTer32
ANKRD62	ENST00000587848	chr18_12122493_GA_G	5	p.Lys480SerfsTer5
ANKRD65	ENST00000537107	chr1_1419134_TC_T	5	p.Glu389ArgfsTer7
AOC1	ENST00000416793	chr7_150857032_GC_G	5	p.Arg190GlyfsTer18
AP1M1	ENST00000444449	chr19_16203572_CG_C	5	p.Val55SerfsTer194
AP1S1	ENST00000337619	chr7_101159123_T_TG	5	p.Asp122GlyfsTer18
APIP	ENST00000395787	chr11_34888793_CT_C	5	p.Ser95AlafsTer8
ARHGAP35	ENST00000672722	chr19_47000626_AC_A	5	p.Gln1482SerfsTer317
ARID1A	ENST00000324856	chr1_26731445_GC_G	5	p.Tyr551ThrfsTer68
ARID1A	ENST00000324856	chr1_26771130_CA_C	5	p.Lys1072AsnfsTer21
ARID1A	ENST00000324856	chr1_26774625_AC_A	5	p.Pro1468LeufsTer13
ARID1A	ENST00000324856	chr1_26774776_GC_G	5	p.Gln1519ArgfsTer8
ASAP2	ENST00000281419	chr2_9388513_GC_G	5	p.Pro786ArgfsTer25
ASPM	ENST00000367409	chr1_197104101_AT_A	5	p.Ile1717Ter
ATAD2	ENST00000287394	chr8_123372652_C_CT	5	p.Glu119ArgfsTer18
ATAD2B	ENST00000238789	chr2_23875885_CT_C	5	p.Lys307ArgfsTer57
ATG9B	ENST00000639579	chr7_151024130_TG_T	5	p.Pro98GlnfsTer8
B3GALT6	ENST00000379198	chr1_1232859_CG_C	5	p.Arg197AlafsTer81
B3GLCT	ENST00000343307	chr13_31229254_TA_T	5	p.Ser80AlafsTer3
B4GALNT1	ENST00000341156	chr12_57631319_G_GC	5	p.Leu89ProfsTer13
BAHCC1	ENST00000584436	chr17_81426907_TC_T	5	p.Pro98LeufsTer40
BAX	ENST00000293288	chr19_48955713_T_TG	5	p.Glu41GlyfsTer33
BEND3	ENST00000429433	chr6_107070397_TC_T	5	p.Asp265ThrfsTer54
BICRA	ENST00000396720	chr19_47694932_TG_T	5	p.Ala979ProfsTer67
BRCA1	ENST00000471181	chr17_43093569_CT_C	5	p.Lys654SerfsTer47
BRF1	ENST00000547530	chr14_105226672_AG_A	5	p.Ser293ArgfsTer11
BRWD1	ENST00000333229	chr21_39187062_TA_T	5	p.Leu2309Ter
BTNL3	ENST00000342868	chr5_181005664_TC_T	5	p.Ser401AlafsTer7
C11orf87	ENST00000327419	chr11_109423969_CG_C	5	p.Leu115CysfsTer162
C2CD6	ENST00000439140	chr2_201494153_GT_G	5	p.Lys729AsnfsTer4
C2orf42	ENST00000264434	chr2_70165549_GT_G	5	p.Lys410AsnfsTer38
C6	ENST00000337836	chr5_41181457_T_TC	5	p.Ser277GlufsTer15
CAMSAP3	ENST00000446248	chr19_7610882_TC_T	5	p.Arg363GlyfsTer42
CASP5	ENST00000393141	chr11_105003283_AT_A	5	p.Asn191IlefsTer8
CASP8	ENST00000358485	chr2_201286566_GA_G	5	p.Lys532AsnfsTer73
CCDC168	ENST00000322527	chr13_102749201_GT_G	5	p.Thr499HisfsTer15
CCDC88A	ENST00000336838	chr2_55334788_G_GT	5	p.Thr678AsnfsTer4
CDH24	ENST00000397359	chr14_23054575_G_GC	5	p.Leu239AlafsTer67
CDKL2	ENST00000307465	chr4_75614395_G_GT	5	p.Arg75ThrfsTer7
CEBPZ	ENST00000234170	chr2_37227764_C_CT	5	p.Asp477ArgfsTer3
CELSR2	ENST00000271332	chr1_109269114_GC_G	5	p.Val2215TrpfsTer26
CEP350	ENST00000367607	chr1_180095670_CA_C	5	p.Asn2889IlefsTer10
CFAP54	ENST00000524981	chr12_96647989_CA_C	5	p.Arg1557GlufsTer19
CFAP69	ENST00000389297	chr7_90299873_CA_C	5	p.Lys624AsnfsTer5
CHD4	ENST00000544040	chr12_6602379_CT_C	5	p.Lys73ArgfsTer129
CHD9	ENST00000447540	chr16_53229087_AT_A	5	p.Phe760LeufsTer16
CHD9	ENST00000447540	chr16_53314438_CA_C	5	p.Arg2431GlyfsTer8
CHERP	ENST00000546361	chr19_16523182_TG_T	5	p.His617MetfsTer38
CHRM4	ENST00000433765	chr11_46385727_CG_C	5	p.Pro277ArgfsTer69
CHTF18	ENST00000262315	chr16_792545_AG_A	5	p.Leu481SerfsTer3
CIC	ENST00000575354	chr19_42290288_GC_G	5	p.Pro509HisfsTer14
CKAP2	ENST00000378037	chr13_52474898_G_GA	5	p.Val607GlyfsTer4
CLASP2	ENST00000359576	chr3_33560868_AT_A	5	p.Met966TrpfsTer33
CLDN34	ENST00000445307	chrX_9967491_AC_A	5	p.Pro47LeufsTer48
CLMN	ENST00000298912	chr14_95196611_CT_C	5	p.Lys865ArgfsTer10
CNNM1	ENST00000356713	chr10_99329764_GC_G	5	p.Pro128ArgfsTer106
CNTLN	ENST00000380647	chr9_17484354_TA_T	5	p.Met1308Ter
COIL	ENST00000240316	chr17_56950756_GT_G	5	p.Asn162ThrfsTer47
COL4A2	ENST00000360467	chr13_110503976_GC_G	5	p.Gly1426GlufsTer33
CPAMD8	ENST00000651564	chr19_16929073_GC_G	5	p.His1052IlefsTer127
CRAT	ENST00000318080	chr9_129095410_CG_C	5	p.Arg623GlyfsTer47
CRYBG1	ENST00000633556	chr6_106511730_GC_G	5	p.Pro207LeufsTer29
CSF3R	ENST00000373103	chr1_36469721_TG_T	5	p.Ser469AlafsTer22
CTNNBL1	ENST00000361383	chr20_37733013_CA_C	5	p.Arg58GlyfsTer25
CUX1	ENST00000360264	chr7_102196693_GC_G	5	p.Pro441LeufsTer27
CWF19L2	ENST00000282251	chr11_107336654_CA_C	5	p.Leu754TrpfsTer5
CYP3A7-CYP3A51P	ENST00000611620	chr7_99695770_CA_C	5	p.Trp525GlyfsTer?
CYP51A1	ENST00000003100	chr7_92123179_AT_A	5	p.Lys342AsnfsTer4
DCAF1	ENST00000423656	chr3_51420160_TG_T	5	p.Gln937ArgfsTer4
DCAF1	ENST00000423656	chr3_51419993_GT_G	5	p.Lys992AsnfsTer16
DDX10	ENST00000322536	chr11_108673511_CA_C	5	p.Thr80HisfsTer2
DGKA	ENST00000394147	chr12_55953729_A_AC	5	p.Arg726ProfsTer79
DGKA	ENST00000394147	chr12_55953729_AC_A	5	p.Arg726AlafsTer9
DISP3	ENST00000294484	chr1_11535626_G_GC	5	p.His1269ProfsTer115
DLC1	ENST00000276297	chr8_13100487_CG_C	5	p.Arg617GlyfsTer37
DNAAF4	ENST00000321149	chr15_55467043_AT_A	5	p.Ile175PhefsTer21
DNAH7	ENST00000312428	chr2_195969990_CT_C	5	p.Lys721ArgfsTer5
DOCK4	ENST00000428084	chr7_111940217_CT_C	5	p.Lys290ArgfsTer23
DOP1B	ENST00000399151	chr21_36232987_CT_C	5	p.Phe847LeufsTer7
DST	ENST00000312431	chr6_56611525_CA_C	5	p.Leu1539TrpfsTer8
DTX4	ENST00000227451	chr11_59195353_TC_T	5	p.Gly510AlafsTer35
DTX4	ENST00000227451	chr11_59195353_T_TC	5	p.Gly510ArgfsTer66
DVL2	ENST00000005340	chr17_7226274_G_GC	5	p.Ala601GlyfsTer21
DYSF	ENST00000410020	chr2_71612666_GC_G	5	p.Ile1419SerfsTer47
EDEM1	ENST00000256497	chr3_5187994_TG_T	5	p.Val66TyrfsTer108
EGR1	ENST00000239938	chr5_138467442_GC_G	5	p.His334ThrfsTer198
EGR1	ENST00000239938	chr5_138467442_G_GC	5	p.His334ProfsTer13
EIF5B	ENST00000289371	chr2_99360341_GA_G	5	p.Lys50SerfsTer10
EPC2	ENST00000258484	chr2_148690259_GA_G	5	p.Glu70ArgfsTer39
EPN2	ENST00000314728	chr17_19329636_C_CA	5	p.Thr470AsnfsTer19
EPS8L3	ENST00000369805	chr1_109757957_GT_G	5	p.Asn274ThrfsTer33
ERICH6B	ENST00000298738	chr13_45579943_CT_C	5	p.Lys317ArgfsTer18
EXOC1	ENST00000381295	chr4_55899798_GA_G	5	p.Glu754LysfsTer18
EXOSC9	ENST00000379663	chr4_121802738_CT_C	5	p.Phe78LeufsTer23
FAM151A	ENST00000302250	chr1_54616083_TG_T	5	p.Thr118LeufsTer43
FAM83H	ENST00000388913	chr8_143728366_GC_G	5	p.Gly365AlafsTer180
FAM98A	ENST00000238823	chr2_33588334_CT_C	5	p.Lys174AsnfsTer2
FAM98C	ENST00000252530	chr19_38408775_CG_C	5	p.Gly317AlafsTer49
FAT2	ENST00000261800	chr5_151525890_A_AG	5	p.Tyr3462LeufsTer26
FEZ2	ENST00000379245	chr2_36558478_GT_G	5	p.Asn340ThrfsTer12
FILIP1L	ENST00000354552	chr3_99849428_G_GT	5	p.Leu750ThrfsTer16
FLCN	ENST00000285071	chr17_17216394_T_TG	5	p.His429ProfsTer27
FOXI3	ENST00000428390	chr2_88452443_CG_C	5	p.Pro31ArgfsTer110
FOXP1	ENST00000615603	chr3_70977935_AG_A	5	p.Leu414Ter
FRA10AC1	ENST00000359204	chr10_93681572_CT_C	5	p.Arg232GlufsTer96
FSTL4	ENST00000265342	chr5_133199124_TC_T	5	p.Thr834ProfsTer59
FYB1	ENST00000646045	chr5_39201988_GC_G	5	p.Pro335HisfsTer44
FYB2	ENST00000343433	chr1_56726525_CT_C	5	p.Glu618ArgfsTer24
GALNT2	ENST00000366672	chr1_230067354_CG_C	5	p.Gly27AlafsTer115
GBE1	ENST00000429644	chr3_81499150_GA_G	5	p.Ser671LeufsTer36
GBP3	ENST00000370481	chr1_89007758_G_GT	5	p.Thr585AsnfsTer8
GCDH	ENST00000591470	chr19_12897786_TG_T	5	p.Asn392MetfsTer9
GIPC1	ENST00000393033	chr19_14482827_A_AG	5	p.Pro51SerfsTer132
GK2	ENST00000358842	chr4_79407812_A_AT	5	p.Ile130AsnfsTer5
GNG12	ENST00000370982	chr1_67705467_GT_G	5	p.Thr68LeufsTer22
GNPNAT1	ENST00000216410	chr14_52783477_TA_T	5	p.Phe54LeufsTer7
GOLGA2	ENST00000611957	chr9_128257110_TA_T	5	p.Tyr989ThrfsTer9
GOLT1A	ENST00000308302	chr1_204201707_AC_A	5	p.Gly74ValfsTer64
GP5	ENST00000401815	chr3_194398169_GC_G	5	p.Gly38AlafsTer9
GPR160	ENST00000355897	chr3_170084680_TA_T	5	p.Ile239TyrfsTer22
GRINA	ENST00000313269	chr8_143991549_TC_T	5	p.Asn112ThrfsTer56
GRK4	ENST00000398052	chr4_3013742_C_CA	5	p.Arg222LysfsTer8
GRM1	ENST00000282753	chr6_146029535_GT_G	5	p.Phe9SerfsTer119
GRM6	ENST00000650031	chr5_178991553_AC_A	5	p.Val243SerfsTer21
HACD4	ENST00000495827	chr9_21007046_CT_C	5	p.Lys230ArgfsTer45
HCN2	ENST00000251287	chr19_590071_GC_G	5	p.Pro45ArgfsTer217
HIBCH	ENST00000359678	chr2_190296902_CT_C	5	p.Gly44ValfsTer6
HMGXB4	ENST00000216106	chr22_35265550_GA_G	5	p.Lys391ArgfsTer33
HNF1A	ENST00000544413	chr12_120994313_G_GC	5	p.Pro289AlafsTer28
HOXC13	ENST00000243056	chr12_53939031_CG_C	5	p.Gly44ValfsTer95
HPS1	ENST00000325103	chr10_98427229_T_TG	5	p.Met325HisfsTer128
ICE1	ENST00000296564	chr5_5457611_AT_A	5	p.Phe326LeufsTer82
IFFO1	ENST00000619571	chr12_6548807_GC_G	5	p.Arg375GlyfsTer47
IGSF9	ENST00000368094	chr1_159930337_AC_A	5	p.Val639TyrfsTer114
IKZF5	ENST00000617859	chr10_122998610_GT_G	5	p.Lys5AsnfsTer8
IL17RB	ENST00000288167	chr3_53855319_TA_T	5	p.Lys172SerfsTer23
INSM2	ENST00000307169	chr14_35535850_C_CT	5	p.Ser536Ter
IPO11	ENST00000409296	chr5_62551287_GT_G	5	p.Ser847LeufsTer22
IRS4	ENST00000372129	chrX_108734572_GC_G	5	p.Gly591AlafsTer20
JAG2	ENST00000331782	chr14_105148143_CG_C	5	p.Gly741AlafsTer21
JAM3	ENST00000299106	chr11_134148572_TG_T	5	p.Val249PhefsTer10
JARID2	ENST00000341776	chr6_15496404_C_CG	5	p.Ala396GlyfsTer25
KANSL1	ENST00000432791	chr17_46032234_TG_T	5	p.Gln968SerfsTer46
KBTBD4	ENST00000533290	chr11_47573330_TC_T	5	p.Glu411ArgfsTer27
KCNB2	ENST00000523207	chr8_72568161_C_CA	5	p.Glu146ArgfsTer23
KDM4D	ENST00000335080	chr11_94997642_TA_T	5	p.Lys93ArgfsTer4
KHDC4	ENST00000368321	chr1_155916630_CCT_C	5	p.Arg516GlyfsTer21
KIAA1109	ENST00000264501	chr4_122243873_GA_G	5	p.Lys1590AsnfsTer11
KIF24	ENST00000402558	chr9_34257624_CT_C	5	p.Lys661SerfsTer34
KIF26B	ENST00000407071	chr1_245688479_C_CG	5	p.Ala1835GlyfsTer154
KIF2B	ENST00000268919	chr17_53824652_TA_T	5	p.Lys542AsnfsTer2
KMT2A	ENST00000534358	chr11_118436678_TC_T	5	p.Pro58ArgfsTer92
KMT2D	ENST00000301067	chr12_49038090_AC_A	5	p.Val3089TrpfsTer30
KNTC1	ENST00000333479	chr12_122603072_GA_G	5	p.Lys1646AsnfsTer2
LARP1	ENST00000336314	chr5_154793829_G_GC	5	p.Thr226HisfsTer19
LARP1	ENST00000336314	chr5_154793829_GC_G	5	p.Thr226ProfsTer23
LIAS	ENST00000640888	chr4_39460843_TA_T	5	p.Lys36ArgfsTer31
LIMCH1	ENST00000503057	chr4_41626983_C_CA	5	p.Arg337LysfsTer6
LMTK3	ENST00000270238	chr19_48491500_CG_C	5	p.Glu1407ArgfsTer106
LPAR3	ENST00000370611	chr1_84865981_GA_G	5	p.Ser47LeufsTer9
LRP1	ENST00000243077	chr12_57178458_CG_C	5	p.Glu1490ArgfsTer80
LRRN2	ENST00000367175	chr1_204618700_TG_T	5	p.Pro431GlnfsTer5
LTBP2	ENST00000261978	chr14_74500903_TG_T	5	p.His1816ThrfsTer32
LZTR1	ENST00000646124	chr22_20982391_C_CG	5	p.Gln10AlafsTer24
MAGEC3	ENST00000298296	chrX_141879412_TG_T	5	p.Glu168ArgfsTer45
MAMSTR	ENST00000318083	chr19_48714848_TG_T	5	p.Pro162HisfsTer14
MAP3K4	ENST00000392142	chr6_161048944_G_GT	5	p.Glu227Ter
MAPK8IP1	ENST00000241014	chr11_45902418_GC_G	5	p.Gln220ArgfsTer56
MED15	ENST00000263205	chr22_20582688_TC_T	5	p.Gln453SerfsTer41
MEGF6	ENST00000356575	chr1_3501864_GC_G	5	p.Ala749ProfsTer223
METTL6	ENST00000443029	chr3_15414027_TA_T	5	p.Phe222LeufsTer19
MGAT4C	ENST00000611864	chr12_85979551_AT_A	5	p.Ile392LeufsTer3
MGRN1	ENST00000262370	chr16_4650412_AC_A	5	p.His48ThrfsTer13
MIDEAS	ENST00000286523	chr14_73729760_TG_T	5	p.Ile659SerfsTer45
MLH3	ENST00000355774	chr14_75047634_AT_A	5	p.Asn674IlefsTer6
MOGS	ENST00000448666	chr2_74462907_AG_A	5	p.Pro294LeufsTer11
MORC1	ENST00000232603	chr3_108963571_AT_A	5	p.Ile881Ter
MPP6	ENST00000222644	chr7_24666046_CA_C	5	p.Lys306ArgfsTer4
MRI1	ENST00000040663	chr19_13772153_AC_A	5	p.His330ThrfsTer24
MROH2B	ENST00000399564	chr5_41004425_AT_A	5	p.Ile1372SerfsTer5
MTF2	ENST00000370298	chr1_93133722_GA_G	5	p.Gly397GlufsTer6
MTG1	ENST00000317502	chr10_133420140_AC_A	5	p.Pro329ArgfsTer28
MTSS2	ENST00000338779	chr16_70664243_CG_C	5	p.Gly560AlafsTer34
MYO10	ENST00000513610	chr5_16694496_G_GC	5	p.Ser1226LeufsTer25
NAA16	ENST00000379406	chr13_41367440_AT_A	5	p.Phe516LeufsTer3
NCOR2	ENST00000405201	chr12_124362269_CG_C	5	p.Arg986GlyfsTer77
NDUFA10	ENST00000252711	chr2_240014803_TG_T	5	p.His202ThrfsTer3
NDUFC2	ENST00000281031	chr11_78073100_CAA_C	5	p.Phe69CysfsTer9
NEB	ENST00000618972	chr2_151684829_AG_A	5	p.Pro928LeufsTer29
NIN	ENST00000382041	chr14_50770517_AT_A	5	p.Asn435MetfsTer19
NOL4L	ENST00000621426	chr20_32453752_A_AG	5	p.Tyr377LeufsTer18
NOL6	ENST00000297990	chr9_33464083_TG_T	5	p.Gln953LysfsTer32
NPAT	ENST00000278612	chr11_108173341_CT_C	5	p.Ser548ValfsTer11
NRXN2	ENST00000265459	chr11_64607813_TG_T	5	p.Thr1508ArgfsTer58
NRXN2	ENST00000265459	chr11_64690446_G_GC	5	p.Ala270GlyfsTer27
NSD1	ENST00000439151	chr5_177248267_TA_T	5	p.Met1531CysfsTer43
NSD2	ENST00000382895	chr4_1978831_G_GC	5	p.Glu1344ArgfsTer91
NSRP1	ENST00000247026	chr17_30178148_GA_G	5	p.Lys86ArgfsTer23
ODR4	ENST00000287859	chr1_186399035_GA_G	5	p.Asp334IlefsTer22
OR52A5	ENST00000642125	chr11_5132448_CA_C	5	p.Leu65TrpfsTer20
OR7C1	ENST00000642030	chr19_14799825_G_GA	5	p.Thr105HisfsTer17
OR7E24	ENST00000456448	chr19_9251064_C_CT	5	p.Leu12ProfsTer59
PBX4	ENST00000251203	chr19_19562086_TG_T	5	p.Gln355AsnfsTer25
PCARE	ENST00000331664	chr2_29071295_AG_A	5	p.Pro989LeufsTer46
PCCA	ENST00000376285	chr13_100273197_AT_A	5	p.Leu308TrpfsTer14
PCNX3	ENST00000355703	chr11_65636269_AC_A	5	p.Val1855TrpfsTer29
PCSK1N	ENST00000218230	chrX_48831408_AC_A	5	p.Val212TrpfsTer31
PDCD5	ENST00000590247	chr19_32586887_TA_T	5	p.Val99Ter
PDE1B	ENST00000243052	chr12_54577275_GC_G	5	p.Pro522HisfsTer25
PDS5B	ENST00000315596	chr13_32770749_C_CA	5	p.Asn1390LysfsTer13
PDS5B	ENST00000315596	chr13_32764555_GA_G	5	p.Ser1198ValfsTer10
PDS5B	ENST00000315596	chr13_32732140_AC_A	5	p.Arg724ValfsTer32
PDZD2	ENST00000438447	chr5_32088969_CA_C	5	p.Lys1843ArgfsTer31
PEG10	ENST00000488574	chr7_94663354_CA_C	5	p.Arg12GlufsTer66
PFAS	ENST00000314666	chr17_8264266_GC_G	5	p.Pro618ArgfsTer42
PHACTR1	ENST00000332995	chr6_13205902_TG_T	5	p.Pro254GlnfsTer59
PHACTR4	ENST00000373836	chr1_28473760_TC_T	5	p.Pro356HisfsTer33
PHF14	ENST00000403050	chr7_10982798_CA_C	5	p.Lys182AsnfsTer19
PKD1L1	ENST00000289672	chr7_47915588_GA_G	5	p.His358IlefsTer22
PKD2	ENST00000237596	chr4_88065406_GA_G	5	p.Asn720IlefsTer17
PLEKHA7	ENST00000531066	chr11_16786325_CT_C	5	p.Lys1140ArgfsTer9
PMEPA1	ENST00000341744	chr20_57652292_T_TG	5	p.Ser209GlnfsTer3
PNISR	ENST00000647811	chr6_99401466_CT_C	5	p.Glu498SerfsTer85
PNKD	ENST00000273077	chr2_218270572_C_CG	5	p.Ala15GlyfsTer17
PNPLA7	ENST00000406427	chr9_137462226_TG_T	5	p.Ile1200SerfsTer148
PPIG	ENST00000260970	chr2_169637293_GA_G	5	p.Lys681ArgfsTer12
PPM1D	ENST00000305921	chr17_60663262_CA_C	5	p.Asn512IlefsTer2
PPM1H	ENST00000228705	chr12_62801893_TG_T	5	p.Thr227HisfsTer30
PPP1R10	ENST00000376511	chr6_30605017_CT_C	5	p.Val311TyrfsTer79
PPP1R26	ENST00000356818	chr9_135486814_AC_A	5	p.Ser771ValfsTer10
PPRC1	ENST00000278070	chr10_102141319_GC_G	5	p.Pro940HisfsTer6
PRKAR1B	ENST00000406797	chr7_680643_CG_C	5	p.Pro87ArgfsTer5
PROX1	ENST00000366958	chr1_214005212_GT_G	5	p.Tyr594IlefsTer10
PRRC2A	ENST00000376033	chr6_31634863_AC_A	5	p.Lys1685ArgfsTer9
PRTG	ENST00000389286	chr15_55620020_TG_T	5	p.Asn1149ThrfsTer53
PSD	ENST00000406432	chr10_102416023_TG_T	5	p.Ser251AlafsTer43
PTEN	ENST00000371953	chr10_87960954_G_GA	5	p.Val290SerfsTer8
PTPN4	ENST00000263708	chr2_119920196_AT_A	5	p.Phe321LeufsTer7
PTPRT	ENST00000373198	chr20_42110362_CG_C	5	p.Pro1094ArgfsTer6
PXDN	ENST00000252804	chr2_1649211_AG_A	5	p.Cys857AlafsTer5
PXDN	ENST00000252804	chr2_1649187_TG_T	5	p.Asn865MetfsTer25
RAB11FIP1	ENST00000330843	chr8_37871414_C_CT	5	p.Ala1130SerfsTer9
RAB11FIP1	ENST00000330843	chr8_37871414_CT_C	5	p.Ala1130ProfsTer50
RAB40C	ENST00000248139	chr16_627579_G_GC	5	p.Gln271ProfsTer7
RAB42	ENST00000465518	chr1_28594034_TG_T	5	p.Gly194ValfsTer?
RAB4A	ENST00000366690	chr1_229286557_GA_G	5	p.Lys37AsnfsTer10
RAD50	ENST00000378823	chr5_132608689_CA_C	5	p.Asn934IlefsTer6
RASAL2	ENST00000367649	chr1_178442905_GA_G	5	p.Lys389ArgfsTer7
RB1	ENST00000267163	chr13_48456342_TA_T	5	p.Val654CysfsTer4
RBM6	ENST00000266022	chr3_50062016_GA_G	5	p.Lys834AsnfsTer27
RBPJ	ENST00000342295	chr4_26415523_GA_G	5	p.Glu85AsnfsTer21
RGL1	ENST00000304685	chr1_183912260_CA_C	5	p.Lys618SerfsTer25
RGS9BP	ENST00000334176	chr19_32676869_C_CG	5	p.Cys206LeufsTer94
RNF31	ENST00000324103	chr14_24150599_AG_A	5	p.Asp402MetfsTer90
RNF39	ENST00000244360	chr6_30073174_AT_A	5	p.Met222CysfsTer5
ROBO3	ENST00000397801	chr11_124869526_GC_G	5	p.Arg191AlafsTer31
RPGR	ENST00000645032	chrX_38285681_CT_C	5	p.Lys1106SerfsTer25
RPL22	ENST00000234875	chr1_6186791_AT_A	5	p.Lys89AsnfsTer3
RTN3	ENST00000377819	chr11_63758183_C_CA	5	p.Ala1031GlyfsTer28
RTN4	ENST00000337526	chr2_55026609_AT_A	5	p.Ile497Ter
RTP5	ENST00000343216	chr2_241872222_GC_G	5	p.Pro225LeufsTer8
RXRA	ENST00000481739	chr9_134408193_GC_G	5	p.Leu111TrpfsTer57
RYR2	ENST00000366574	chr1_237454489_AC_A	5	p.Pro466GlnfsTer5
SACS	ENST00000382292	chr13_23340547_AT_A	5	p.Ile1110LeufsTer16
SAFB	ENST00000588852	chr19_5667103_TG_T	5	p.Gly800AlafsTer8
SALL2	ENST00000614342	chr14_21524141_TG_T	5	p.Pro529GlnfsTer22
SAMD9L	ENST00000318238	chr7_93131747_GT_G	5	p.Lys1408AsnfsTer10
SEC63	ENST00000369002	chr6_107893550_G_GT	5	p.Pro536ThrfsTer24
SEL1L3	ENST00000399878	chr4_25847635_CT_C	5	p.Arg131GlyfsTer15
SEMA6B	ENST00000586582	chr19_4543629_GC_G	5	p.Ala880ArgfsTer92
SENP7	ENST00000394095	chr3_101351639_AT_A	5	p.Lys545AsnfsTer11
SH3GLB2	ENST00000372554	chr9_129009187_AG_A	5	p.Pro342LeufsTer111
SH3KBP1	ENST00000397821	chrX_19542096_AG_A	5	p.Leu574CysfsTer39
SHANK3	ENST00000445220	chr22_50721504_TG_T	5	p.Ala1220ProfsTer57
SHB	ENST00000377707	chr9_38068521_T_TG	5	p.Gln42ProfsTer204
SHPRH	ENST00000275233	chr6_145954827_CT_C	5	p.Glu166AsnfsTer3
SINHCAF	ENST00000337682	chr12_31295243_GT_G	5	p.Asn73ThrfsTer6
SLC16A10	ENST00000368851	chr6_111177559_CA_C	5	p.Ile282PhefsTer9
SLC17A2	ENST00000377850	chr6_25921291_AT_A	5	p.Met121CysfsTer7
SLC9C1	ENST00000305815	chr3_112286762_GA_G	5	p.Phe10SerfsTer11
SLCO2A1	ENST00000310926	chr3_133951238_GA_G	5	p.Phe277SerfsTer8
SLTM	ENST00000380516	chr15_58894110_AT_A	5	p.Asn487IlefsTer35
SMARCC2	ENST00000550164	chr12_56165328_A_AG	5	p.Gly1075TrpfsTer33
SMC2	ENST00000286398	chr9_104100168_GA_G	5	p.Lys188ArgfsTer5
SMC4	ENST00000344722	chr3_160426151_CA_C	5	p.Lys855SerfsTer5
SORL1	ENST00000260197	chr11_121605195_CA_C	5	p.Met1581CysfsTer34
SPATA31D1	ENST00000344803	chr9_81991727_CA_C	5	p.Arg422GlyfsTer5
SPEF2	ENST00000356031	chr5_35705791_C_CA	5	p.Asn887GlufsTer2
SPRED1	ENST00000299084	chr15_38322261_TA_T	5	p.Asp79ThrfsTer42
SPRY4	ENST00000344120	chr5_142314588_CG_C	5	p.Arg197GlyfsTer85
STAB1	ENST00000321725	chr3_52509913_TG_T	5	p.Val800CysfsTer113
STPG1	ENST00000374409	chr1_24391599_C_CT	5	p.Gly51ArgfsTer4
STPG2	ENST00000295268	chr4_98105953_CT_C	5	p.Lys204ArgfsTer6
STRADA	ENST00000336174	chr17_63704443_CG_C	5	p.Arg333GlyfsTer42
SYCP1	ENST00000369522	chr1_114994979_G_GA	5	p.Leu968ThrfsTer5
SYNGAP1	ENST00000646630	chr6_33432198_AG_A	5	p.Lys114SerfsTer20
SZT2	ENST00000562955	chr1_43425177_TC_T	5	p.Pro874HisfsTer57
SZT2	ENST00000562955	chr1_43448400_AG_A	5	p.Arg3241AlafsTer11
TAF1	ENST00000423759	chrX_71383149_CA_C	5	p.Lys647ArgfsTer4
TANC2	ENST00000424789	chr17_63420532_GC_G	5	p.Pro1519LeufsTer33
TAP2	ENST00000374897	chr6_32838010_AG_A	5	p.Leu75Ter
TAS2R50	ENST00000506868	chr12_10986832_G_GA	5	p.Ser10PhefsTer25
TBL1XR1	ENST00000457928	chr3_177051553_AT_A	5	p.Asn126MetfsTer16
TEAD2	ENST00000598810	chr19_49347215_T_TG	5	p.His299ProfsTer19
TGM6	ENST00000202625	chr20_2403479_AC_A	5	p.Gln360ArgfsTer99
THEMIS	ENST00000630369	chr6_127813422_CT_C	5	p.Val407TrpfsTer2
TLE1	ENST00000376499	chr9_81610224_TC_T	5	p.Lys443AsnfsTer48
TMEM108	ENST00000321871	chr3_133380179_GC_G	5	p.Arg159AlafsTer252
TMPRSS11A	ENST00000334830	chr4_67944627_CT_C	5	p.Lys48ArgfsTer11
TNK2	ENST00000381916	chr3_195868357_CG_C	5	p.Pro710ArgfsTer84
TNRC6A	ENST00000395799	chr16_24795918_CA_C	5	p.Arg1183GlyfsTer7
TNS2	ENST00000314276	chr12_53059118_AC_A	5	p.Pro505ArgfsTer25
TOP2A	ENST00000423485	chr17_40390128_CT_C	5	p.Arg1435GlyfsTer13
TOP3A	ENST00000321105	chr17_18278230_TG_T	5	p.Arg758GlyfsTer15
TP53BP2	ENST00000343537	chr1_223804228_CT_C	5	p.Val199Ter
TPO	ENST00000329066	chr2_1503975_AC_A	5	p.Cys808AlafsTer24
TRIM26	ENST00000454678	chr6_30189476_CT_C	5	p.Lys282ArgfsTer16
TRIM59	ENST00000309784	chr3_160438579_C_CT	5	p.Ser202LysfsTer8
TRIP10	ENST00000313244	chr19_6750368_AC_A	5	p.Ala494LeufsTer49
TRPM5	ENST00000155858	chr11_2412824_TG_T	5	p.Gln762ArgfsTer35
TSC22D1	ENST00000458659	chr13_44434701_AG_A	5	p.Pro1049LeufsTer38
TSPAN7	ENST00000378482	chrX_38675772_TC_T	5	p.Ser173AlafsTer4
TTI1	ENST00000373448	chr20_37999210_AG_A	5	p.Leu924TrpfsTer37
TTN	ENST00000589042	chr2_178664872_CT_C	5	p.Arg12033GlufsTer125
TUG1	ENST00000644773	chr22_30969742_T_TG	5	p.Gln132AlafsTer65
TULP4	ENST00000367097	chr6_158502720_CG_C	5	p.Val1022TrpfsTer2
TWISTNB	ENST00000222567	chr7_19698400_CT_C	5	p.Lys311ArgfsTer15
TYK2	ENST00000525621	chr19_10352436_TG_T	5	p.Thr1106ArgfsTer7
UFSP2	ENST00000264689	chr4_185415215_AT_A	5	p.Asn208IlefsTer3
UGDH	ENST00000316423	chr4_39514132_GA_G	5	p.Ser72LeufsTer18
UGT2A3	ENST00000251566	chr4_68951418_CA_C	5	p.Phe114LeufsTer4
UHRF1BP1	ENST00000192788	chr6_34871591_TC_T	5	p.Ile1333SerfsTer20
USF1	ENST00000368021	chr1_161041733_AC_A	5	p.Gly130ValfsTer33
USP26	ENST00000511190	chrX_133027176_TA_T	5	p.Phe348LeufsTer7
USP35	ENST00000529308	chr11_78209809_A_AC	5	p.Thr655HisfsTer74
USP42	ENST00000306177	chr7_6156811_CA_C	5	p.Lys1236ArgfsTer92
USP6	ENST00000574788	chr17_5170706_C_CG	5	p.Ser1252GlnfsTer12
VOPP1	ENST00000285279	chr7_55492346_CG_C	5	p.Pro88ArgfsTer3
VRK2	ENST00000435505	chr2_58146373_GA_G	5	p.Val364SerfsTer21
VRTN	ENST00000256362	chr14_74357759_CG_C	5	p.Gly328AlafsTer47
WASL	ENST00000223023	chr7_123692430_CT_C	5	p.Val422TrpfsTer17
WDR60	ENST00000407559	chr7_158902472_CA_C	5	p.Lys414ArgfsTer22
WDR90	ENST00000293879	chr16_659105_GC_G	5	p.Pro1013GlnfsTer98
WDTC1	ENST00000319394	chr1_27294616_T_TG	5	p.Glu290GlyfsTer7
XIRP2	ENST00000409195	chr2_167243447_TG_T	5	p.Asp688MetfsTer5
XKR6	ENST00000416569	chr8_11200724_TG_T	5	p.Met206Ter
XRN1	ENST00000264951	chr3_142311800_CT_C	5	p.Arg1611GlyfsTer34
ZBTB1	ENST00000554015	chr14_64522643_TA_T	5	p.Ser383ValfsTer6
ZC3H11A	ENST00000639812	chr1_203847375_G_GA	5	p.His415ThrfsTer23
ZC3H11A	ENST00000639812	chr1_203817096_AT_A	5	p.Phe12SerfsTer20
ZDHHC8	ENST00000405930	chr22_20142991_AG_A	5	p.Thr459ArgfsTer177
ZFHX3	ENST00000641206	chr16_72788686_TG_T	5	p.Gln3197SerfsTer44
ZNF107	ENST00000620827	chr7_64691906_C_CA	5	p.Glu61ArgfsTer9
ZNF131	ENST00000509156	chr5_43173414_CA_C	5	p.Gly387GlufsTer26
ZNF281	ENST00000294740	chr1_200409430_AG_A	5	p.Pro92LeufsTer7
ZNF34	ENST00000343459	chr8_144774284_G_GT	5	p.Thr222AsnfsTer6
ZNF469	ENST00000565624	chr16_88428097_GC_G	5	p.Gln212ArgfsTer134
ZNF541	ENST00000391901	chr19_47545807_TG_T	5	p.His241ThrfsTer39
ZNF579	ENST00000325421	chr19_55579532_GC_G	5	p.Gly36AlafsTer29
ZNF831	ENST00000637017	chr20_59194084_T_TG	5	p.Asp1025GlyfsTer9
ZUP1	ENST00000368576	chr6_116645894_GT_G	5	p.Asn503ThrfsTer7
